state,name,party,role,district,sitting,sponsored,yea,nay,people_id
SC,Thomas Beach,R,Rep,HD-010,yes,10,0,0,23298
AZ,Martin Quezada,D,Sen,SD-029,no,9,0,0,13923
SC,Josiah Magnuson,R,Rep,HD-038,yes,9,0,0,18091
MS,William Shirley,R,Rep,HD-084,no,9,0,0,13811
SC,Jay Kilmartin,R,Rep,HD-085,yes,8,0,0,23301
SC,James Burns,R,Rep,HD-017,yes,8,0,0,15975
US,Brian Fitzpatrick,R,Rep,HD-PA-1,yes,8,0,0,18304
SC,Rob Harris,R,Rep,HD-036,yes,8,0,0,23374
SC,Joe White,R,Rep,HD-040,yes,8,0,0,24751
NY,Robert Carroll,D,Rep,HD-044,yes,7,2,0,18778
SC,Dianne Mitchell,R,Rep,HD-021,yes,7,0,0,26559
MS,Stephen Horne,R,Rep,HD-081,yes,7,0,0,6520
MS,Gary Staples,R,Rep,HD-088,no,7,0,0,6536
SC,Jordan Pace,R,Rep,HD-117,yes,7,0,0,23306
SC,Sarita Edgerton,R,Rep,HD-034,yes,7,0,0,26247
NY,Albert Stirpe,D,Rep,HD-127,yes,6,1,0,1387
SC,Jackie Terribile,R,Rep,HD-066,yes,6,0,0,26260
SC,John Lastinger,R,Rep,HD-088,yes,6,0,0,26558
MS,J.P. Wilemon,D,Sen,SD-005,no,6,0,0,6625
AZ,Richard Andrade,D,Rep,HD-029,no,6,0,0,16775
SC,Donald McCabe,R,Rep,HD-096,yes,5,0,0,21749
TX,Rafael Anchia,D,Rep,HD-103,yes,5,0,0,5851
SC,April Cromer,R,Rep,HD-006,yes,5,0,0,23299
SC,John Mccravy,R,Rep,HD-013,yes,5,0,0,18092
IL,Mike Fortner,R,Rep,HD-049,no,5,0,0,1021
VA,Sam Rasoul,D,Rep,HD-038,yes,5,0,0,16093
SC,Chris Huff,R,Rep,HD-028,yes,5,0,0,26253
NY,Fred Thiele,D,Rep,HD-001,no,4,1,0,1390
ME,Matthew Pouliot,R,Sen,SD-015,no,3,1,3,14729
ME,Jeffrey Evangelos,I,Rep,HD-091,no,3,2,2,15403
ME,Kent Ackley,I,Rep,HD-082,no,3,1,3,18172
ME,Walter Riseman,I,Rep,HD-083,no,3,2,2,21231
NY,Gustavo Rivera,D,Sen,SD-033,yes,4,1,0,11116
ME,Deane Rykerson,D,Rep,HD-001,no,4,0,1,15702
MD,Lily Qi,D,Rep,HD-015,yes,4,1,0,20966
AZ,Jennifer Pawlik,D,Rep,HD-013,no,4,0,0,20573
SC,Alan Morgan,R,Rep,HD-018,yes,4,0,0,23151
NY,Jeffrey Dinowitz,D,Rep,HD-081,yes,3,3,0,1294
MA,Alice Peisch,D,Rep,HD-14-NOR,yes,4,0,0,2493
SC,William Chumley,R,Rep,HD-035,yes,4,0,0,11216
AK,Scott Kawasaki,D,Rep,SD-P,yes,4,0,0,6052
HI,Clayton Hee,D,Sen,SD-023,no,4,0,0,8421
MS,Russell Jolly,D,Sen,SD-008,no,4,0,0,13664
MS,Jay Hughes,D,Rep,HD-012,no,4,0,0,17764
SC,Stephen Frank,R,Rep,HD-020,yes,4,0,0,26248
SC,Lee Gilreath,R,Rep,HD-007,yes,4,0,0,26249
ME,David McCrea,D,Rep,HD-148,no,2,3,2,18196
ME,Michael Sylvester,D,Rep,HD-039,no,2,2,3,18209
NY,Thomas Abinanti,D,Rep,HD-092,no,3,2,0,11101
NY,William Colton,D,Rep,HD-047,yes,3,2,0,1283
ME,Justin Chenette,D,Sen,SD-031,no,3,0,1,15270
NY,Linda Rosenthal,D,Rep,HD-067,yes,3,1,0,1375
LA,Robert Adley,R,Sen,SD-036,no,2,4,0,5361
NY,Diane Richardson,D,Rep,HD-043,no,3,1,0,17697
ME,William Pluecker,I,Rep,HD-044,yes,2,3,1,21230
NY,Jo Simon,D,Rep,HD-052,yes,3,1,0,16762
NY,Michael Benedetto,D,Rep,HD-082,yes,3,1,0,1265
LA,Francis Thompson,R,Rep,HD-019,yes,2,3,1,5328
NY,Harvey Epstein,D,Rep,HD-074,yes,3,0,0,19642
ME,Matthea Larsen Daughtry,D,Sen,SD-023,yes,1,2,4,14714
AZ,Judy Schwiebert,D,Rep,HD-002,no,3,0,0,22292
MS,Oscar Denton,D,Rep,HD-055,yes,3,0,0,16104
HI,Brickwood Galuteria,D,Sen,SD-012,no,3,0,0,8448
LA,Hunter Greene,R,Rep,HD-066,no,2,3,0,5216
MD,Cheryl Kagan,D,Sen,SD-017,yes,3,0,0,17313
NM,Stephanie Richard,D,Rep,HD-043,no,3,0,0,15032
SC,Mark Willis,R,Rep,HD-016,yes,3,0,0,2321
VA,Bill Wiley,R,Rep,HD-032,yes,3,0,0,22455
HI,Sylvia Luke,D,Rep,HD-025,no,3,0,0,8347
NM,Bill Tallman,D,Sen,SD-018,no,3,0,0,19021
MO,Kevin Windham,D,Rep,HD-074,no,3,0,0,20201
HI,Chris Lee,D,Sen,SD-025,yes,3,0,0,8383
ME,Benjamin Chipman,D,Sen,SD-028,no,2,1,2,10326
VA,Mark Cole,R,Rep,HD-088,no,2,3,0,678
MS,Tom Miles,D,Rep,HD-075,no,3,0,0,13799
AK,Max Gruenberg,D,Rep,HD-016,no,3,0,0,6035
SC,James Teeple,R,Rep,HD-116,yes,3,0,0,26259
HI,Mele Carroll,D,Rep,HD-013,no,3,0,0,8351
HI,Faye Hanohano,D,Rep,HD-004,no,3,0,0,8356
IL,Scott Drury,D,Rep,HD-058,no,3,0,0,15688
ME,Benjamin Collings,D,Rep,HD-114,no,1,2,3,18181
WV,John Ellem,R,Rep,HD-010,no,2,2,0,28
NY,Joseph Lentol,D,Rep,HD-050,no,2,2,0,1333
WV,Mark Hunt,D,Sen,SD-008,no,2,2,0,812
WV,Clif Moore,D,Rep,HD-026,no,2,2,0,59
WV,Tim Miley,D,Rep,HD-048,no,2,2,0,56
WV,Bill Hamilton,R,Sen,SD-011,yes,2,2,0,37
MT,Greg Hertz,R,Sen,SD-006,yes,1,5,0,14173
WV,John Frazier,D,Rep,HD-025,no,2,2,0,811
ME,Nicole Grohoski,D,Sen,SD-007,yes,1,3,2,21211
ME,Joseph Baldacci,D,Sen,SD-009,yes,2,2,0,22237
ME,Joyce McCreight,D,Rep,HD-051,no,1,3,2,17452
WV,Bonnie Brown,D,Rep,HD-030,no,2,2,0,13
NY,Michael Blake,D,Rep,HD-079,no,2,2,0,17455
WV,Larry Barker,D,Rep,HD-018,no,2,2,0,8
ME,Richard Farnsworth,D,Rep,HD-037,no,1,0,4,14716
NY,Anthony D'Urso,D,Rep,HD-016,no,2,1,0,18774
NY,Walter Mosley,D,Rep,HD-057,no,2,1,0,14209
ME,John Schneck,D,Rep,HD-126,no,1,3,1,15047
MT,Alan Olson,R,Sen,SD-023,no,1,4,0,10425
ME,Geoffrey Gratwick,D,Sen,SD-009,no,2,0,1,14742
ME,Chloe Maxmin,D,Sen,SD-013,no,1,2,2,21224
MD,Chao Wu,D,Rep,HD-009,yes,2,1,0,24725
ME,Genevieve McDonald,D,Rep,HD-134,no,1,1,3,21225
WY,Chris Rothfuss,D,Sen,SD-009,yes,2,1,0,10602
TN,Tim Rudd,R,Rep,HD-034,yes,2,1,0,18646
ME,Allison Hepler,D,Rep,HD-049,yes,1,2,2,21214
ME,Michele Meyer,D,Rep,HD-150,yes,1,2,2,21226
ME,Donald Marean,R,Rep,HD-016,no,1,3,1,15747
MD,Stuart Schmidt,R,Rep,HD-033,yes,2,1,0,24719
LA,John Smith,R,Sen,SD-030,no,0,7,0,5356
MD,Sheila Ruth,D,Rep,HD-044,yes,2,1,0,21541
ME,Norman Higgins,I,Rep,HD-120,no,1,3,1,17441
HI,Suzanne Chun Oakland,D,Sen,SD-013,no,2,0,0,8437
HI,Gary Hooser,D,Sen,SD-007,no,2,0,0,8446
AZ,Jennifer Longdon,D,Rep,HD-005,no,2,0,0,20751
HI,Scott Nishimoto,D,Rep,HD-023,no,2,0,0,8337
HI,Mark Nakashima,D,Rep,HD-001,no,2,0,0,8359
SC,Adam Duncan,R,Rep,HD-002,yes,2,0,0,26246
SC,Phillip Bowers,R,Rep,HD-003,yes,2,0,0,26245
LA,Joseph Lopinto,R,Rep,HD-080,no,1,3,0,5279
ME,Diane Denk,D,Rep,HD-009,no,1,2,1,21199
CT,Devin Carney,R,Rep,HD-023,yes,2,0,0,16432
LA,Stephen Pugh,R,Rep,HD-073,no,1,3,0,5313
SC,Greg Ford,R,Rep,HD-098,yes,2,0,0,26593
SC,Kathy Landing,R,Rep,HD-080,yes,2,0,0,24305
LA,Henry Burns,R,Rep,HD-009,no,1,3,0,5233
LA,Kirk Talbot,R,Sen,SD-010,yes,1,3,0,5263
LA,Frank Howard,R,Rep,HD-024,no,1,3,0,5245
LA,Stephen Carter,R,Rep,HD-068,no,1,3,0,5318
OK,David Bullard,R,Sen,SD-006,yes,2,0,0,19705
US,Derek Kilmer,D,Rep,HD-WA-6,no,2,0,0,15226
OK,Raymond Pruett,D,Rep,HD-019,no,2,0,0,3717
TN,Bryan Richey,R,Rep,HD-020,no,2,0,0,23189
HI,Blake Oshiro,D,Rep,HD-033,no,2,0,0,8367
HI,Dwight Takamine,D,Sen,SD-001,no,2,0,0,8439
SC,Luke Rankin,R,Rep,HD-014,yes,2,0,0,26272
SC,Steven Long,R,Rep,HD-037,yes,2,0,0,18214
US,Alan Lowenthal,D,Rep,HD-CA-47,no,2,0,0,14900
OK,Carri Hicks,D,Sen,SD-040,yes,2,0,0,20813
US,Andrew Garbarino,R,Rep,HD-NY-2,yes,2,0,0,21959
NC,Mary Harrison,D,Rep,HD-061,yes,2,0,0,2077
SC,Paul Wickensimer,R,Rep,HD-022,yes,2,0,0,26261
SC,Blake Sanders,R,Rep,HD-009,yes,2,0,0,26258
AZ,Seth Blattman,D,Rep,HD-009,yes,2,0,0,24247
ME,Harold Stewart,R,Sen,SD-002,yes,0,3,3,18206
AZ,Ken Clark,D,Rep,HD-024,no,2,0,0,16645
OK,Forrest Bennett,D,Rep,HD-092,yes,2,0,0,18986
US,Jared Golden,D,Rep,HD-ME-2,yes,2,0,0,20067
US,John Delaney,D,Rep,HD-MD-6,no,2,0,0,15207
LA,Walt Leger,D,Rep,HD-091,no,1,3,0,5218
MS,Thomas Reynolds,D,Rep,HD-033,no,2,0,0,6575
ME,Donna Bailey,D,Sen,SD-031,yes,0,3,3,18174
LA,Major Thibaut,D,Rep,HD-018,no,1,3,0,5320
MS,Donnie Bell,R,Rep,HD-021,yes,2,0,0,6499
MO,Mark Parkinson,R,Rep,HD-105,no,2,0,0,7607
US,Marie Gluesenkamp Perez,D,Rep,HD-WA-3,yes,2,0,0,24022
AZ,Melody Hernandez,D,Rep,HD-008,no,2,0,0,22440
HI,John Mizuno,D,Rep,HD-029,no,2,0,0,8348
MS,Jody Steverson,R,Rep,HD-004,yes,2,0,0,13802
HI,Ryan Yamane,D,Rep,HD-037,no,2,0,0,8386
ME,Peter Lyford,R,Sen,SD-010,no,0,3,3,17272
HI,Calvin Say,D,Rep,HD-020,no,2,0,0,8378
HI,James Tokioka,D,Rep,HD-015,no,2,0,0,8366
HI,Roy Takumi,D,Rep,HD-035,no,2,0,0,8338
US,Jared Polis,D,Rep,HD-CO-2,no,2,0,0,9110
SC,Marvin Smith,R,Rep,HD-099,yes,2,0,0,21747
LA,Nicholas Lorusso,R,Rep,HD-094,no,1,3,0,5282
ME,Marianne Moore,R,Sen,SD-006,yes,1,1,2,21167
MT,Steve Fitzpatrick,R,Rep,HD-024,yes,0,5,1,10396
SC,Gil Gatch,R,Rep,HD-094,yes,2,0,0,21744
ME,Craig Hickman,D,Sen,SD-014,yes,0,2,4,14720
MS,Joe Warren,D,Rep,HD-090,no,2,0,0,6544
ME,Anne-Marie Mastraccio,D,Rep,HD-142,yes,1,1,2,15729
IL,Sara Jimenez,R,Rep,HD-099,no,2,0,0,17730
AZ,Sean Bowie,D,Sen,SD-018,no,2,0,0,18771
NE,Al Davis,N,Sen,SD-043,no,2,0,0,15142
ME,Matthew Harrington,R,Sen,SD-033,yes,0,5,1,17788
LA,Frank Hoffmann,R,Rep,HD-015,no,1,3,0,5225
LA,Noble Ellington,D,Rep,HD-020,no,1,3,0,5331
ME,Teresa Pierce,D,Sen,SD-025,yes,0,3,3,17216
HI,Marcus Oshiro,D,Rep,HD-046,no,2,0,0,8344
VA,Ibraheem Samirah,D,Rep,HD-086,no,2,0,0,21259
VA,Patrick Hope,D,Rep,HD-001,yes,2,0,0,1472
AZ,Stephanie Stahl Hamilton,D,Rep,HD-021,yes,2,0,0,22293
HI,Isaac Choy,D,Rep,HD-023,no,2,0,0,8345
HI,Joseph Souki,D,Rep,HD-008,no,2,0,0,8360
HI,Ken Ito,D,Rep,HD-049,no,2,0,0,8358
IL,William Black,R,Rep,HD-104,no,2,0,0,1048
IL,Paul Froehlich,D,Rep,HD-056,no,2,0,0,1026
IL,Mike Boland,D,Rep,HD-071,no,2,0,0,1019
ME,Roger Katz,R,Sen,SD-015,no,2,0,0,11890
MT,Mike Cuffe,R,Sen,SD-001,yes,0,6,0,11953
AZ,Steve Gallardo,D,Sen,SD-029,no,2,0,0,10714
NM,Antonio Maestas,D,Sen,SD-026,yes,2,0,0,6133
IL,Kambium Buckner,D,Rep,HD-026,yes,2,0,0,21119
LA,M.J. Smiley,R,Rep,HD-088,no,1,3,0,5252
MA,Demetruis Atsalis,D,Rep,HD-02-BAR,no,2,0,0,2393
NM,Daymon Ely,D,Rep,HD-023,no,2,0,0,18994
HI,Karl Rhoads,D,Sen,SD-013,yes,2,0,0,8346
HI,Kyle Yamashita,D,Rep,HD-012,yes,2,0,0,8365
VA,Kaye Kory,D,Rep,HD-038,no,2,0,0,890
MO,Rick Brattin,R,Sen,SD-031,yes,2,0,0,12944
OK,Tom Gann,R,Rep,HD-008,yes,2,0,0,18987
HI,Gil Keith-agaran,D,Sen,SD-005,no,2,0,0,8385
LA,Walker Hines,D,Rep,HD-095,no,1,2,1,5244
ME,Beth O'Connor,R,Rep,HD-005,no,0,4,1,10363
ME,William Diamond,D,Sen,SD-026,no,1,1,1,8757
MT,Ryan Lynch,D,Sen,SD-037,no,0,0,5,14074
ME,John Martin,D,Rep,HD-151,no,0,3,2,8744
MT,Janet Ellis,D,Sen,SD-041,yes,0,1,4,16355
ME,Lester Ordway,R,Rep,HD-023,no,0,3,2,17789
MT,Dennis Lenz,R,Sen,SD-027,yes,0,5,0,14338
MT,Shelley Vance,R,Sen,SD-034,yes,0,5,0,23607
ME,Ryan Fecteau,D,Rep,HD-132,yes,0,3,2,16635
SD,Daniel Lederman,R,Sen,SD-016,no,1,2,0,8214
ME,Michael Perkins,R,Rep,HD-077,no,0,4,1,18199
ME,Dwayne Prescott,R,Rep,HD-017,no,0,3,2,17336
ME,Kimberley Rosen,R,Sen,SD-008,no,1,1,1,8893
ME,Joel Stetkis,R,Rep,HD-105,no,0,3,2,17337
KY,Robert Mills,R,Sen,SD-004,yes,1,2,0,18339
ME,Anne Carney,D,Sen,SD-029,yes,0,3,2,21194
ME,Heidi Sampson,R,Rep,HD-136,no,0,4,1,18201
ME,Ralph Tucker,D,Rep,HD-050,no,0,4,1,17108
ME,Chris Johansen,R,Rep,HD-145,no,0,2,3,18190
ME,Lois Galgay Reckitt,D,Rep,HD-122,no,0,3,2,18186
SD,Ried Holien,R,Sen,SD-005,no,1,1,1,11490
UT,Todd Weiler,R,Sen,SD-008,yes,1,2,0,13816
ME,William Tuell,R,Rep,HD-010,yes,0,4,1,16786
ME,Rachel Talbot Ross,D,Sen,SD-028,yes,0,2,3,18210
MT,Mike Lang,R,Sen,SD-017,no,0,5,0,14336
MT,Ellie Boldman,D,Sen,SD-045,yes,0,0,5,12051
ME,Colleen Madigan,D,Rep,HD-064,no,0,3,2,18193
ME,Anne Perry,D,Rep,HD-009,no,0,4,1,8879
MT,Daniel Salomon,R,Sen,SD-047,no,0,3,2,10399
MT,Jeffrey Welborn,R,Sen,SD-036,no,0,3,2,14174
LA,Thomas Carmody,R,Rep,HD-006,no,1,2,0,5236
ME,Jessica Fay,D,Rep,HD-086,no,0,2,3,18184
ME,Timothy Theriault,R,Rep,HD-079,no,0,3,2,16785
ME,Stanley Zeigler,D,Rep,HD-040,no,0,2,3,18212
MT,Carl Glimm,R,Sen,SD-002,yes,0,5,0,14331
ME,Lydia Blume,D,Rep,HD-003,no,0,3,2,17533
ME,Christopher Babbidge,D,Rep,HD-008,no,0,4,1,16688
ME,Dustin White,R,Rep,HD-146,no,0,3,2,17341
ME,Jeffery Hanley,R,Rep,HD-087,no,0,3,2,17215
ME,Mark Bryant,D,Rep,HD-024,no,0,2,3,8793
ME,Michelle Dunphy,D,Rep,HD-122,no,0,4,1,17106
ME,Barbara Cardone,D,Rep,HD-127,no,0,1,4,18177
ME,Patrick Corey,R,Rep,HD-025,no,0,4,1,17332
MT,Edith McClafferty,D,Sen,SD-038,no,0,0,5,7921
CO,Lynda Zamora Wilson,R,Sen,SD-009,yes,1,1,1,26492
ME,Maureen Terry,D,Rep,HD-108,no,0,5,0,18211
ME,Pinny Beebe-Center,D,Sen,SD-012,yes,0,1,4,17667
ME,Thomas Skolfield,R,Rep,HD-112,no,0,2,3,17217
ME,Charlotte Warren,D,Rep,HD-084,no,0,3,2,17275
ME,Denise Tepler,D,Sen,SD-024,yes,0,1,4,17107
ME,Bruce Bickford,R,Sen,SD-020,yes,0,4,1,8786
ME,Roland Martin,D,Rep,HD-150,no,0,4,1,16697
LA,Lowell Hazel,R,Rep,HD-027,no,1,2,0,5307
ME,Richard Bradstreet,R,Sen,SD-015,yes,0,3,2,18176
ME,Maryanne Kinney,R,Rep,HD-099,no,0,3,2,16877
MT,Scott Reichner,R,Rep,HD-009,no,1,2,0,7939
LA,John Guinn,R,Rep,HD-037,no,1,2,0,5243
MT,Theresa Manzella,R,Sen,SD-044,yes,0,2,3,16563
WY,Charles Scott,R,Sen,SD-030,yes,1,2,0,8663
NY,Brian Kavanagh,D,Sen,SD-027,yes,0,5,0,1326
ME,Patricia Hymanson,D,Rep,HD-004,no,0,3,2,17564
ME,Margaret O'Neil,D,Rep,HD-129,no,0,5,0,18197
MT,Daniel Zolnikov,R,Sen,SD-022,yes,0,5,0,14351
ME,Gina Melaragno,D,Rep,HD-062,no,0,2,3,17273
ME,Robert Alley,D,Rep,HD-138,no,0,4,1,16631
ME,Nathan Wadsworth,R,Rep,HD-082,yes,0,4,1,17340
ME,Susan Austin,R,Rep,HD-067,no,0,3,2,8780
ME,Stacy Brenner,D,Sen,SD-030,yes,1,2,0,22239
MT,Keith Regier,R,Sen,SD-003,no,0,5,0,10402
ME,Seth Berry,D,Rep,HD-055,no,0,1,4,8785
LA,Erich Ponti,R,Rep,HD-069,no,1,2,0,5332
MT,Wendy McKamey,R,Sen,SD-012,yes,0,5,0,16375
MT,Denise Hayman,D,Sen,SD-033,yes,0,1,4,16313
ME,Joshua Morris,R,Rep,HD-091,yes,0,2,2,21228
LA,Michael Michot,R,Sen,SD-023,no,0,4,0,5387
MT,Dan Bartel,R,Sen,SD-015,no,0,4,0,18372
MT,Jim Peterson,R,Sen,SD-015,no,0,4,0,7958
MT,Rick Ripley,R,Sen,SD-009,no,0,4,0,7987
MT,Edward Buttrey,R,Rep,HD-021,yes,0,4,0,11962
NY,Monica Wallace,D,Rep,HD-143,no,1,1,0,18776
ME,Russell Black,R,Sen,SD-005,yes,0,2,2,10321
ME,Steven Foster,R,Rep,HD-032,yes,0,2,2,21208
IL,John Millner,R,Sen,SD-028,no,1,1,0,1083
ME,Henry Ingwersen,D,Sen,SD-032,yes,0,2,2,21217
ME,Betty Austin,D,Rep,HD-107,no,0,3,1,18173
ME,Joseph Perry,D,Rep,HD-024,no,0,3,1,8768
ME,Sawin Millett,R,Rep,HD-081,no,0,2,2,8869
ME,Lawrence Lockman,R,Rep,HD-137,no,0,3,1,15275
MD,Mary Lehman,D,Rep,HD-021,yes,1,1,0,20591
ME,Scott Landry,D,Rep,HD-075,no,0,3,1,21221
ME,Bettyann Sheats,D,Rep,HD-064,no,0,2,2,18203
MT,Dee Brown,R,Sen,SD-002,no,0,4,0,7878
ME,Sean Paulhus,D,Rep,HD-050,no,0,2,2,21349
ME,John Andrews,R,Rep,HD-079,no,0,3,1,21188
MT,Scott Sales,R,Sen,SD-035,no,0,4,0,7943
MT,Fred Thomas,R,Sen,SD-044,no,0,4,0,14077
MT,Roger Webb,R,Sen,SD-023,no,0,4,0,14262
MT,Janna Taylor,R,Sen,SD-006,no,0,4,0,7913
MT,Jennifer Fielder,R,Sen,SD-007,no,0,4,0,14354
MT,Elsie Arntzen,R,Sen,SD-027,no,0,4,0,7912
MT,Taylor Brown,R,Sen,SD-022,no,0,4,0,7997
MT,Debby Barrett,R,Sen,SD-036,no,0,4,0,7992
MT,Bruce Tutvedt,R,Sen,SD-003,no,0,4,0,7998
MT,Jeff Essmann,R,Rep,HD-054,no,0,4,0,7952
MT,Chas Vincent,R,Sen,SD-001,no,0,4,0,7873
MT,Frederick Moore,R,Rep,HD-037,no,0,4,0,11626
MT,Terry Murphy,R,Sen,SD-039,no,0,4,0,7962
MT,Art Wittich,R,Rep,HD-068,no,0,4,0,10422
LA,Dale Erdey,R,Sen,SD-013,no,0,4,0,5413
ME,Sara Gideon,D,Rep,HD-048,no,0,1,3,14718
ME,Brian Hubbell,D,Rep,HD-135,no,0,2,2,15391
MT,Jason Priest,R,Sen,SD-030,no,0,4,0,10423
MT,Ron Arthun,R,Sen,SD-031,no,0,3,1,11960
ME,Christina Riley,D,Rep,HD-074,no,0,3,1,18200
ME,Catherine Nadeau,D,Rep,HD-078,no,0,3,1,15045
LA,Michael Walsworth,R,Sen,SD-033,no,0,1,3,5376
SD,Craig Tieszen,R,Rep,HD-034,no,0,4,0,8217
ME,Erik Jorgensen,D,Rep,HD-041,no,0,1,3,15392
SD,Jim Bradford,D,Sen,SD-027,no,0,4,0,8229
ME,Victoria Kornfield,D,Rep,HD-125,no,0,3,1,14722
LA,Sherri Cheek,R,Sen,SD-038,no,0,4,0,5420
LA,David Heitmeier,D,Sen,SD-007,no,0,4,0,5385
LA,Robert Kostelka,R,Sen,SD-035,no,0,3,1,5386
LA,Edwin Murray,D,Sen,SD-004,no,0,3,1,5359
LA,John Alario,R,Sen,SD-008,no,0,4,0,5367
LA,Conrad Appel,R,Sen,SD-009,no,0,3,1,5364
LA,Ben Nevers,D,Sen,SD-012,no,0,4,0,5374
ME,Janice Cooper,D,Rep,HD-047,no,0,2,2,15402
LA,Dan Claitor,R,Sen,SD-016,no,0,3,1,5421
LA,Yvonne Dorsey-Colomb,D,Sen,SD-014,no,0,4,0,5414
LA,Jack Donahue,R,Sen,SD-011,no,0,3,1,5383
SD,Stanford Adelstein,R,Sen,SD-032,no,1,1,0,8279
LA,Eric LaFleur,D,Sen,SD-028,no,0,4,0,5404
ME,James Handy,D,Rep,HD-058,no,0,3,1,18189
MT,Scott Boulanger,R,Sen,SD-044,no,0,4,0,14353
MT,Edward Walker,R,Sen,SD-029,no,0,4,0,11155
LA,Jean-Paul Morrell,D,Sen,SD-003,no,0,4,0,5371
MD,Vaughn Stewart,D,Rep,HD-019,yes,1,1,0,20797
WY,Bernadine Craft,D,Sen,SD-012,no,1,1,0,8697
ME,Victoria Morales,D,Rep,HD-033,no,0,2,2,21227
ME,Scott Strom,R,Rep,HD-106,no,0,3,1,18207
NY,Frank Skartados,D,Rep,HD-104,no,1,1,0,1385
IL,Larry Bomke,R,Sen,SD-050,no,1,1,0,1089
UT,Craig Hall,R,Rep,HD-033,no,1,1,0,14565
MT,Mike Fox,D,Sen,SD-016,yes,0,0,4,21771
NY,Shelley Mayer,D,Sen,SD-037,yes,0,4,0,13939
MT,Dave Lewis,R,Sen,SD-042,no,0,4,0,7967
ME,Janice Dodge,D,Rep,HD-039,yes,0,2,2,21201
MD,Jen Terrasa,D,Rep,HD-013,yes,1,1,0,20868
LA,Lydia Jackson,D,Sen,SD-039,no,0,4,0,5441
ME,Kathy Javner,R,Rep,HD-029,yes,0,2,2,21218
MT,Llew Jones,R,Rep,HD-018,yes,0,4,0,7855
MD,Kris Fair,D,Rep,HD-003,yes,1,1,0,24386
MD,Cheryl Pasteur,D,Rep,HD-011,yes,1,1,0,24538
LA,Nicholas Gautreaux,D,Sen,SD-026,no,0,4,0,5363
MD,Deni Taveras,D,Rep,HD-047,yes,1,1,0,24540
TN,Jerome Moon,R,Rep,HD-008,yes,1,1,0,19504
MD,Jared Solomon,D,Rep,HD-018,yes,1,1,0,20796
TN,Clay Doggett,R,Rep,HD-070,yes,1,1,0,20340
LA,Julie Quinn,R,Sen,SD-006,no,0,3,1,5405
MT,Matthew Rosendale,R,Sen,SD-019,no,0,4,0,10877
ME,Owen Casas,I,Rep,HD-094,no,1,0,1,18180
ME,Josanne Dolloff,R,Rep,HD-115,no,0,2,2,21202
ME,Kevin Battle,R,Rep,HD-033,no,1,1,0,16632
LA,William McPherson,D,Sen,SD-029,no,0,4,0,5377
LA,Ann Duplessis,D,Sen,SD-002,no,0,4,0,5384
TN,William Slater,R,Rep,HD-035,yes,1,1,0,23616
ME,Matthew Moonen,D,Rep,HD-117,yes,0,3,1,14726
LA,Willie Mount,D,Sen,SD-027,no,0,3,1,5388
ME,Margaret Craven,D,Rep,HD-093,no,0,2,2,8747
ME,Holly Stover,D,Rep,HD-048,yes,0,2,2,21235
ME,Andrew Gattine,D,Rep,HD-126,yes,0,3,1,14717
ME,Lori Gramlich,D,Rep,HD-131,yes,0,3,1,21209
ME,Ralph Chapman,D,Rep,HD-133,no,1,0,1,10325
ME,Victoria Doudera,D,Rep,HD-041,yes,0,2,2,21203
ME,Michael Brennan,D,Rep,HD-115,yes,0,2,2,21192
ME,Amy Arata,R,Rep,HD-104,yes,0,2,2,21189
ME,Christopher Kessler,D,Rep,HD-121,yes,0,3,1,21219
ME,Gary Drinkwater,R,Rep,HD-027,yes,0,3,1,21204
ME,Ann Matlack,D,Rep,HD-043,yes,0,2,2,21223
ME,Bruce White,D,Rep,HD-065,no,0,3,1,21237
ME,Jeffrey Timberlake,R,Sen,SD-017,yes,0,2,2,10372
ME,Stacey Guerin,R,Sen,SD-004,yes,0,2,2,10341
ME,Richard Mason,R,Rep,HD-097,yes,0,2,2,21273
MT,Verdell Jackson,R,Sen,SD-005,no,0,4,0,7982
ME,Kathleen Dillingham,R,Rep,HD-072,no,0,2,2,17270
ME,Laura Supica,D,Rep,HD-022,yes,1,1,0,22705
ME,Tiffany Roberts-Lovell,D,Rep,HD-149,yes,0,2,2,21232
ME,Grayson Lookner,D,Rep,HD-113,yes,1,1,0,22698
ME,Sophia Warren,D,Rep,HD-124,yes,1,1,0,22294
ME,Thomas Harnett,D,Rep,HD-083,no,0,3,1,21213
ME,Mark Blier,R,Rep,HD-138,yes,0,2,2,21191
ME,Christopher Caiazzo,D,Rep,HD-028,no,0,3,1,21193
ME,Denise Harlow,D,Rep,HD-036,no,1,0,1,13221
ME,Justin Fecteau,R,Rep,HD-086,no,0,3,1,21206
ME,Abigail Griffin,R,Rep,HD-034,yes,0,2,2,21210
ME,Frances Head,R,Rep,HD-117,no,0,3,1,17335
ME,Sherman Hutchins,R,Rep,HD-131,no,0,2,2,21216
ME,Sarah Pebworth,D,Rep,HD-133,no,0,3,1,21229
ME,Paul Stearns,R,Rep,HD-119,no,0,2,2,16784
ME,Donna Doore,D,Rep,HD-085,no,0,3,1,16634
ME,George Hogan,D,Rep,HD-013,no,1,1,0,8844
TN,Mark Pody,R,Sen,SD-017,yes,1,1,0,12238
ME,Randall Hall,R,Rep,HD-074,yes,0,2,2,21212
SD,Joni Cutler,R,Sen,SD-014,no,1,1,0,8271
ME,Ryan Tipping-Spitz,D,Rep,HD-123,no,0,0,4,15748
LA,Gerald Long,R,Sen,SD-031,no,0,3,1,5373
ME,Shelley Rudnicki,R,Rep,HD-067,yes,0,2,2,21233
ME,David Haggan,R,Sen,SD-010,yes,0,3,1,18188
ME,Stephen Stanley,D,Rep,HD-143,no,0,3,1,14732
ME,Theodore Kryzak,R,Rep,HD-020,no,0,2,2,21220
MD,Michele Guyton,D,Rep,HD-042,yes,1,1,0,20861
ID,Grant Burgoyne,D,Sen,SD-016,no,1,0,1,8013
LA,Neil Riser,R,Rep,HD-020,yes,0,1,3,5369
ID,John Rusche,D,Rep,HD-006B,no,1,0,1,8054
MT,Jon Sonju,R,Sen,SD-004,no,0,4,0,7929
ME,Kyle Bailey,D,Rep,HD-027,no,1,1,0,22704
LA,Troy Hebert,D,Sen,SD-022,no,0,4,0,5380
MT,Mark Noland,R,Sen,SD-005,yes,0,4,0,16656
LA,Sharon Broome,D,Sen,SD-015,no,0,3,1,5382
NY,Michael Kearns,D,Rep,HD-142,no,1,1,0,13941
LA,B.L. Shaw,R,Sen,SD-037,no,0,2,2,5370
WV,Jeffrey Kessler,D,Sen,SD-002,no,1,0,0,119
AZ,Lela Alston,D,Sen,SD-005,yes,1,0,0,10699
AZ,Robert Meza,D,Rep,HD-030,no,1,0,0,4310
KY,Thomas Thompson,D,Rep,HD-014,no,1,0,0,1204
AZ,Lynne Pancrazi,D,Sen,SD-004,no,1,0,0,4249
KY,Brent Yonts,D,Rep,HD-015,no,1,0,0,1214
MO,Sue Allen,R,Rep,HD-100,no,1,0,0,7504
AZ,Diego Espinoza,D,Rep,HD-019,no,1,0,0,16879
KY,Darryl Owens,D,Rep,HD-043,no,1,0,0,1181
MT,Jonathan Windy Boy,D,Sen,SD-016,yes,0,0,3,7994
IL,Rachel Ventura,D,Sen,SD-043,yes,1,0,0,24168
ME,Gregory Swallow,R,Rep,HD-007,yes,0,2,1,21236
LA,Simone Champagne,R,Rep,HD-049,no,0,3,0,5274
IL,Daniel Didech,D,Rep,HD-059,yes,1,0,0,21054
LA,Girod Jackson,D,Rep,HD-087,no,0,1,2,5310
LA,Nickie Monica,R,Rep,HD-057,no,0,1,2,5312
AK,Sam Kito,D,Rep,HD-033,no,1,0,0,16228
SC,David O'Neal,R,Rep,HD-066,no,1,0,0,23305
LA,Bobby Badon,D,Rep,HD-039,no,0,3,0,5305
MT,Larry Jent,D,Sen,SD-032,no,0,0,3,7960
MT,Forrest Mandeville,R,Sen,SD-029,yes,0,3,0,16562
MT,Christopher Pope,D,Sen,SD-031,yes,0,0,3,16658
MT,Mitch Tropila,D,Rep,HD-026,no,0,0,3,7981
MA,Kay Khan,D,Rep,HD-11-MID,no,1,0,0,2464
MT,Katherin Kelker,D,Sen,SD-024,no,0,0,3,16314
AZ,Kirsten Engel,D,Sen,SD-010,no,1,0,0,18568
AZ,Athena Salman,D,Rep,HD-008,no,1,0,0,18608
LA,Wayne Waddell,R,Rep,HD-005,no,0,3,0,5220
MT,Pat Flowers,D,Sen,SD-032,yes,0,0,3,19734
US,Scott Peters,D,Rep,HD-CA-50,yes,1,0,0,15235
MT,Thomas Facey,D,Sen,SD-050,no,0,0,3,10421
AZ,Arlando Teller,D,Rep,HD-007,no,1,0,0,20827
MS,Kathy Chism,R,Sen,SD-003,yes,1,0,0,21457
MA,Josh Cutler,D,Rep,HD-06-PLY,no,1,0,0,16187
IL,Elizabeth Coulson,R,Rep,HD-017,no,1,0,0,971
IN,Mike Gaskill,R,Sen,SD-025,yes,1,0,0,19711
NY,Sarahana Shrestha,D,Rep,HD-103,yes,1,0,0,24194
IL,Graciela Guzman,D,Sen,SD-020,yes,1,0,0,26139
AZ,Bob Thorpe,R,Rep,HD-006,no,1,0,0,14711
GA,Brandon Beach,R,Sen,SD-021,yes,1,0,0,15155
HI,Josh Green,D,Sen,SD-003,no,1,0,0,8432
HI,Jill Tokuda,D,Sen,SD-024,no,1,0,0,8449
HI,William Espero,D,Sen,SD-019,no,1,0,0,8428
IL,William Cunningham,D,Sen,SD-018,yes,1,0,0,11929
NY,Sandra Galef,D,Rep,HD-095,no,0,3,0,1304
SD,Local Government,,Rep,,no,1,0,0,8264
MD,Brooke Lierman,D,Rep,HD-046,no,1,0,0,17237
LA,Jared Brossett,D,Rep,HD-097,no,0,3,0,5268
WA,Janea Holmquist,R,Sen,SD-013,no,1,0,0,3599
MT,John Esp,R,Sen,SD-030,yes,0,3,0,7986
LA,Rogers Pope,R,Sen,SD-013,no,0,2,1,5251
LA,Joseph Harrison,R,Rep,HD-051,no,0,3,0,5284
MS,Johnny Stringer,D,Rep,HD-087,no,1,0,0,6561
VA,Ronnie Campbell,R,Rep,HD-024,no,1,0,0,20160
LA,Robert Johnson,D,Rep,HD-028,no,0,3,0,5319
MT,Sharon Stewart-Peregoy,D,Rep,HD-042,no,0,0,3,8000
MD,Jim Rosapepe,D,Sen,SD-021,yes,1,0,0,4731
SC,Patrick Haddon,R,Rep,HD-019,yes,1,0,0,21436
IL,LaShawn Ford,D,Rep,HD-008,yes,1,0,0,1004
LA,Scott Simon,R,Rep,HD-074,no,0,2,1,5230
MS,Michael Watson,R,Sen,SD-051,no,1,0,0,6622
MA,James Arciero,D,Rep,HD-02-MID,yes,1,0,0,2390
CT,Brandon Chafee,D,Rep,HD-033,yes,1,0,0,22092
MT,Steve Hinebauch,R,Sen,SD-018,no,0,3,0,18391
MT,Kenneth Bogner,R,Sen,SD-019,yes,0,3,0,20760
SC,Neal Collins,R,Rep,HD-005,yes,1,0,0,16323
LA,Reed Henderson,D,Rep,HD-103,no,0,3,0,5308
MT,Willis Curdy,D,Sen,SD-049,yes,0,0,3,16342
LA,Ernest Wooton,R,Rep,HD-105,no,0,3,0,5222
AZ,Diego Rodriguez,D,Rep,HD-027,no,1,0,0,20752
ME,Mark Lawrence,D,Sen,SD-035,yes,0,3,0,18192
LA,Clifton Richardson,R,Rep,HD-065,no,0,3,0,5302
AZ,Christine Marsh,D,Sen,SD-004,no,1,0,0,22290
LA,Rosalind Jones,D,Rep,HD-017,no,0,2,1,5285
LA,Michael Jackson,D,Rep,HD-061,no,0,1,2,5287
MT,John Brenden,R,Sen,SD-018,no,0,3,0,7979
LA,D.A. Gautreaux,D,Sen,SD-021,no,0,3,0,5362
MO,Phil Christofanelli,R,Rep,HD-104,no,1,0,0,18052
LA,Jonathan Perry,R,Sen,SD-026,no,0,3,0,5275
LA,Jane Smith,R,Rep,HD-008,no,1,0,0,5254
MT,Susan Webber,D,Sen,SD-008,yes,0,0,3,16353
NC,Johnnie Autry,D,Rep,HD-100,no,1,0,0,18448
MT,Mary Caferro,D,Rep,HD-082,yes,0,0,3,7923
MT,Gene Vuckovich,D,Sen,SD-039,no,0,0,3,10417
MT,Andrea Olsen,D,Sen,SD-050,yes,0,0,3,16356
ME,Jonathan Courtney,R,Sen,SD-003,no,1,0,0,8754
ME,Philip Curtis,R,Rep,HD-111,no,0,2,1,8813
ME,Thomas Martin,R,Rep,HD-057,no,0,2,1,21222
LA,Joel Robideaux,R,Rep,HD-045,no,0,3,0,5314
TN,Jody Barrett,R,Rep,HD-069,yes,1,0,0,24115
IN,Aaron Freeman,R,Sen,SD-032,yes,1,0,0,17997
NY,Zellnor Myrie,D,Sen,SD-020,yes,0,3,0,20155
NM,Martha Garcia,D,Rep,HD-006,yes,1,0,0,26456
LA,Nita Hutter,R,Rep,HD-104,no,0,3,0,5265
AR,Nate Steel,D,Rep,HD-019,no,1,0,0,12450
IL,Robyn Gabel,D,Rep,HD-018,yes,1,0,0,4407
ME,Richard Woodbury,,Sen,SD-011,no,1,0,0,11311
ME,Dennis Keschl,R,Rep,HD-076,no,0,2,1,10346
MS,Bobby Howell,R,Rep,HD-046,no,1,0,0,6553
ME,Paul McGowan,D,Rep,HD-149,no,1,0,0,15277
TN,Rush Bricken,R,Rep,HD-047,yes,1,0,0,20336
MS,Billy Hudson,R,Sen,SD-045,no,1,0,0,6631
ME,Katherine Cassidy,D,Rep,HD-032,no,1,0,0,15269
MS,Stephen Holland,D,Rep,HD-016,no,1,0,0,6504
SC,Stewart Jones,R,Rep,HD-014,no,1,0,0,21358
ME,Joseph Brooks,,Rep,HD-042,no,1,0,0,15472
VA,Glenn Davis,R,Rep,HD-084,no,1,0,0,16080
MT,Bradley Hamlett,D,Rep,HD-023,no,0,1,2,7990
TN,Tim Hicks,R,Rep,HD-006,yes,1,0,0,22447
MT,Clifford Larsen,D,Sen,SD-050,no,0,0,3,7991
MS,Bobby Shows,R,Rep,HD-089,no,1,0,0,6595
MT,Robyn Driscoll,D,Sen,SD-026,no,0,0,3,7887
HI,Kalani English,D,Sen,SD-007,no,1,0,0,8427
DC,Tommy Wells,D,Sen,SD-006,no,1,0,0,14680
MD,Robert Zirkin,D,Sen,SD-011,no,1,0,0,4713
US,Vicente Gonzalez,D,Rep,HD-TX-34,yes,1,0,0,18308
AK,Benjamin Carpenter,R,Rep,HD-008,no,1,0,0,21266
LA,Kevin Pearson,R,Rep,HD-076,no,0,2,1,5229
LA,Rickey Nowlin,R,Rep,HD-023,no,0,3,0,5250
LA,Michael Danahay,D,Rep,HD-033,no,0,3,0,5277
WV,Larry Edgell,D,Sen,SD-002,no,1,0,0,109
MT,Tom McGillvray,R,Sen,SD-023,yes,0,3,0,7926
WA,Paull Shin,D,Sen,SD-021,no,1,0,0,3613
MS,Daryl Porter,D,Rep,HD-098,yes,1,0,0,21486
CT,Jennifer Leeper,D,Rep,HD-132,yes,1,0,0,22101
MS,Preston Sullivan,D,Rep,HD-022,no,1,0,0,6494
MS,Melanie Sojourner,R,Sen,SD-037,no,1,0,0,13673
ME,Braden Sharpe,D,Rep,HD-046,no,0,2,1,21234
MT,Bruce Gillespie,R,Sen,SD-009,yes,0,3,0,19916
LA,Regina Barrow,D,Sen,SD-015,yes,0,1,2,5232
LA,Fred Mills,R,Sen,SD-022,no,0,3,0,5249
ME,Louis Luchini,D,Sen,SD-007,no,0,3,0,10351
LA,Gary Smith,D,Sen,SD-019,no,0,2,1,5253
LA,Billy Chandler,D,Rep,HD-022,no,0,3,0,5237
WA,Brian Hatfield,D,Sen,SD-019,no,1,0,0,3620
MS,Michael Evans,D,Rep,HD-045,no,1,0,0,13813
MS,Tom Weathersby,R,Rep,HD-062,no,1,0,0,6560
MT,Dick Barrett,D,Sen,SD-045,no,0,0,3,7893
MT,Mike Phillips,D,Sen,SD-033,no,0,0,3,7917
LA,Lee Amedee,R,Sen,SD-018,no,0,3,0,5381
WA,James Hargrove,D,Sen,SD-024,no,1,0,0,3630
MT,Sue Malek,D,Sen,SD-046,no,0,0,3,7927
MS,Charles Busby,R,Rep,HD-111,no,1,0,0,13793
MT,Jon Sesso,D,Sen,SD-037,no,0,0,3,7853
SD,Jean Hunhoff,R,Rep,SD-018,no,0,1,2,8303
MS,Chris McDaniel,R,Sen,SD-042,no,1,0,0,6614
LA,Bernard LeBas,D,Rep,HD-038,no,0,3,0,5290
LA,Neil Abramson,D,Rep,HD-098,no,0,3,0,5258
ME,Benjamin Hymes,R,Rep,HD-038,yes,1,0,0,23258
LA,Joel Chaisson,D,Sen,SD-019,no,0,3,0,5357
SC,Adam Morgan,R,Rep,HD-020,no,1,0,0,19935
WA,Craig Pridemore,D,Sen,SD-049,no,1,0,0,3608
US,Jack Evans,D,Sen,SD-002,no,1,0,0,14672
CA,Abel Maldonado,R,Sen,SD-015,no,1,0,0,1593
MT,Shane Morigeau,D,Sen,SD-048,yes,0,0,3,18381
MS,Jerry Turner,R,Rep,HD-018,yes,1,0,0,6509
LA,Jean Doerge,D,Rep,HD-010,no,0,3,0,5217
MA,Cleon Turner,D,Rep,HD-01-BAR,no,1,0,0,2535
MS,Carl Mickens,D,Rep,HD-042,yes,1,0,0,17769
MT,Bob Brown,R,Sen,SD-007,no,0,3,0,16664
SC,Anne Thayer,R,Rep,HD-009,no,1,0,0,10955
SC,Rex Rice,R,Sen,SD-002,yes,1,0,0,2294
AK,Sarah Vance,R,Rep,HD-006,yes,1,0,0,21272
CT,Eleni Kavros DeGraw,D,Rep,HD-017,yes,1,0,0,22100
GA,Greg Dolezal,R,Sen,SD-027,yes,1,0,0,20734
GA,Colton Moore,R,Sen,SD-053,yes,1,0,0,20985
GA,Jason Anavitarte,R,Sen,SD-031,yes,1,0,0,22295
MS,Steve Massengill,R,Rep,HD-013,yes,1,0,0,13797
LA,Thomas Willmott,R,Rep,HD-092,no,0,3,0,5288
RI,Arthur Handy,D,Rep,HD-018,yes,1,0,0,5148
AK,Louise Stutes,R,Rep,HD-005,yes,1,0,0,17251
MO,Jay Wasson,R,Sen,SD-020,no,1,0,0,7653
AZ,Daniel Patterson,D,Rep,HD-029,no,1,0,0,4250
MT,Jim Keane,D,Rep,HD-073,no,0,0,3,7984
NY,Micah Lasher,D,Rep,HD-069,yes,1,0,0,25826
NC,Marcia Morey,D,Rep,HD-030,yes,1,0,0,19360
US,Mary Cheh,D,Sen,SD-003,no,1,0,0,14676
MT,Russel Tempel,R,Sen,SD-014,yes,0,1,2,18552
US,David Grosso,D,Sen,SD-000,no,1,0,0,15941
AK,Daniel Ortiz,I,Rep,HD-001,no,1,0,0,16678
MS,Ken Morgan,R,Rep,HD-100,yes,1,0,0,6537
MT,Jason Small,R,Sen,SD-021,no,0,1,2,18502
NC,Kenneth Goodman,D,Rep,HD-066,no,1,0,0,11980
MA,Robert Koczera,D,Rep,HD-11-BRI,no,1,0,0,2466
TN,Joseph Hensley,R,Sen,SD-028,yes,1,0,0,7202
SC,Beth Bernstein,D,Rep,HD-078,yes,1,0,0,14187
LA,James Fannin,R,Sen,SD-035,no,0,3,0,5215
AZ,Laura Terech,D,Rep,HD-004,no,1,0,0,24245
SC,Heather Crawford,R,Rep,HD-068,yes,1,0,0,14300
AZ,Chad Campbell,D,Rep,HD-024,no,1,0,0,4243
AK,Kevin McCabe,R,Rep,HD-030,yes,1,0,0,22861
LA,Brett Geymann,R,Rep,HD-035,yes,0,3,0,5278
SD,Mark Venner,R,Rep,HD-024,no,1,0,0,10626
LA,Cameron Henry,R,Sen,SD-009,yes,0,2,1,5280
LA,Karen Peterson,D,Sen,SD-005,no,0,2,1,5379
MT,Shannon O'Brien,D,Sen,SD-046,no,0,0,3,22349
AK,Adam Wool,D,Rep,HD-005,no,1,0,0,17254
MT,John Fuller,R,Sen,SD-004,yes,0,3,0,20370
AK,Frank Tomaszewski,R,Rep,HD-034,yes,1,0,0,24593
AK,George Rauscher,R,Sen,SD-O,yes,1,0,0,18610
MS,Lester Carpenter,R,Rep,HD-001,yes,1,0,0,6500
US,Marcy Kaptur,D,Rep,HD-OH-9,yes,1,0,0,9070
VA,Eric Phillips,R,Rep,HD-048,yes,1,0,0,25046
AK,Gabrielle LeDoux,R,Rep,HD-015,no,1,0,0,14390
LA,Juan LaFonta,D,Rep,HD-096,no,0,1,2,5270
MT,Mary Dunwell,D,Sen,SD-042,yes,0,0,3,16341
US,Thomas Suozzi,D,Rep,HD-NY-3,yes,1,0,0,18333
MT,Christine Kaufmann,D,Sen,SD-041,no,0,0,3,7968
US,Donald Davis,D,Rep,HD-NC-1,yes,1,0,0,24010
AK,James Petersen,D,Rep,HD-019,no,1,0,0,6055
AZ,Pamela Hannley,D,Rep,HD-009,no,1,0,0,18040
ME,Eloise Vitelli,D,Sen,SD-024,no,0,2,1,16089
AZ,Cesar Chavez,D,Rep,HD-029,no,1,0,0,18567
HI,Russell Kokubun,D,Sen,SD-002,no,1,0,0,8441
AK,Sharon Cissna,D,Rep,HD-022,no,1,0,0,6057
ME,Heather Sanborn,D,Sen,SD-028,no,0,1,2,18202
NY,Zohran Kwame Mamdani,D,Rep,HD-036,yes,1,0,0,22367
WV,Douglas Facemire,D,Sen,SD-012,no,1,0,0,802
CT,Linda Schofield,D,Rep,HD-016,no,1,0,0,5680
MS,Charles Beckett,R,Rep,HD-023,no,1,0,0,6498
VT,Laura Sibilia,I,Rep,HD-WIN2,yes,1,0,0,17126
SC,Thomas Brittain,R,Rep,HD-107,yes,1,0,0,21740
HI,Robert Bunda,D,Sen,SD-022,no,1,0,0,8438
SC,Wes Climer,R,Sen,SD-015,yes,1,0,0,18031
AZ,Analise Ortiz,D,Sen,SD-024,yes,1,0,0,24241
AZ,Denise Epstein,D,Sen,SD-012,yes,1,0,0,18569
NM,Shannon Pinto,D,Sen,SD-003,yes,1,0,0,21532
AZ,Cesar Aguilar,D,Rep,HD-026,yes,1,0,0,24229
ME,Joyce Maker,R,Sen,SD-006,no,1,0,0,10352
MS,Alex Monsour,R,Rep,HD-054,no,1,0,0,6531
MI,Robert Genetski,R,Rep,HD-080,no,1,0,0,2877
ME,William Faulkingham,R,Rep,HD-012,yes,0,2,1,21205
AZ,Drew John,R,Rep,HD-014,no,1,0,0,18662
AZ,Kevin Payne,R,Sen,SD-027,yes,1,0,0,18663
AL,Mike Ball,R,Rep,HD-010,no,1,0,0,3416
AZ,Nancy Gutierrez,D,Rep,HD-018,yes,1,0,0,24235
AZ,Sally Gonzales,D,Sen,SD-020,yes,1,0,0,10704
AZ,Anastasia Travers,D,Rep,HD-012,yes,1,0,0,24246
SC,Cally Forrest,R,Rep,HD-039,yes,1,0,0,18089
AZ,Lorena Austin,D,Rep,HD-009,yes,1,0,0,24230
MT,Joshua Kassmier,R,Sen,SD-013,yes,1,0,0,20371
AZ,Alma Hernandez,D,Rep,HD-020,yes,1,0,0,20571
SC,Melissa Oremus,R,Rep,HD-084,yes,1,0,0,21398
AL,Bobby Singleton,D,Sen,SD-024,yes,1,0,0,3482
SC,Doug Gilliam,R,Rep,HD-042,yes,1,0,0,19930
MI,Gregory MacMaster,R,Rep,HD-105,no,1,0,0,10828
NC,Allison Dahle,D,Rep,HD-011,yes,1,0,0,20509
VT,Kate Logan,D,Rep,HD-CHI16,yes,1,0,0,24526
SC,Thomas Corbin,R,Sen,SD-005,yes,1,0,0,11118
MA,James Timilty,D,Sen,SD-BRISTO,no,1,0,0,2578
SC,Bobby Cox,R,Rep,HD-021,yes,1,0,0,19927
MA,Martha Walz,D,Rep,HD-08-SUF,no,1,0,0,2541
SC,Bill Taylor,R,Rep,HD-086,yes,1,0,0,10954
NY,Daniel Squadron,D,Sen,SD-026,no,1,0,0,1454
UT,Daniel Thatcher,R,Sen,SD-011,no,0,3,0,11713
MT,Terry Vermeire,R,Sen,SD-039,no,0,2,1,23749
UT,Luz Escamilla,D,Sen,SD-010,yes,0,3,0,8209
CT,Nick Gauthier,D,Rep,HD-038,yes,1,0,0,25972
AZ,Pamela Carter,R,Rep,HD-004,yes,1,0,0,25437
NM,Natalie Figueroa,D,Sen,SD-018,yes,1,0,0,20917
LA,Patricia Smith,D,Rep,HD-067,no,0,1,2,5262
NC,Zack Forde-Hawkins,D,Rep,HD-031,yes,1,0,0,20515
AZ,Matthew Heinz,D,Rep,HD-029,no,1,0,0,4299
AZ,Brenda Barton,R,Rep,HD-006,no,1,0,0,10678
AZ,John Gillette,R,Rep,HD-030,yes,1,0,0,24184
LA,Charles Kleckley,R,Rep,HD-036,no,0,3,0,5260
MS,Jeffery Harness,D,Rep,HD-085,yes,1,0,0,20630
UT,Kevin Van Tassell,R,Sen,SD-026,no,0,3,0,8139
AZ,Consuelo Hernandez,D,Rep,HD-021,yes,1,0,0,24248
IL,Jim Watson,R,Rep,HD-100,no,1,0,0,987
AZ,Alexander Kolodin,R,Rep,HD-003,yes,1,0,0,24240
AZ,Becky Nutt,R,Rep,HD-014,no,1,0,0,18039
AZ,Jennifer Jermaine,D,Rep,HD-018,no,1,0,0,20572
NM,William O'Neill,D,Sen,SD-013,no,1,0,0,6142
NM,Meredith Dixon,D,Rep,HD-020,yes,1,0,0,22657
LA,Austin Badon,D,Rep,HD-100,no,0,1,2,5304
LA,Charmaine Marchand Stiaes,D,Rep,HD-099,no,0,1,2,5255
AZ,Lorenzo Sierra,D,Rep,HD-019,no,1,0,0,20753
AZ,Kelli Butler,D,Rep,HD-028,no,1,0,0,18772
SC,Joseph Bustos,R,Rep,HD-112,yes,1,0,0,21741
AZ,Tom Chabin,D,Rep,HD-002,no,1,0,0,4244
MA,Jay Kaufman,D,Rep,HD-15-MID,no,1,0,0,2462
HI,Shan Tsutsui,D,Sen,SD-005,no,1,0,0,8430
MA,Cory Atkins,D,Rep,HD-14-MID,no,1,0,0,2392
ME,Troy Jackson,D,Sen,SD-001,no,0,2,1,8743
ME,Mark Dion,D,Sen,SD-028,no,1,0,0,10332
MT,Walt Sales,R,Sen,SD-035,no,0,2,1,18385
UT,Brian Shiozawa,R,Sen,SD-008,no,0,3,0,15464
MT,Becky Beard,R,Sen,SD-040,yes,0,3,0,18373
MT,Jen Gross,D,Sen,SD-025,no,0,0,3,18083
MT,Jason Ellsworth,R,Sen,SD-043,yes,0,3,0,20677
OH,Louis Blessing,R,Sen,SD-008,yes,1,0,0,14653
MT,Jeremy Trebas,R,Sen,SD-013,yes,0,3,0,18387
LA,Thomas McVea,R,Rep,HD-062,no,0,3,0,5311
MT,Brad Molnar,R,Sen,SD-028,no,0,1,2,22354
ME,Lisa Keim,R,Sen,SD-019,no,0,1,2,18191
WY,Dan Zwonitzer,R,Rep,HD-043,no,1,0,0,8711
WY,Mary Throne,D,Rep,HD-011,no,1,0,0,8660
MT,Greg Jergeson,D,Sen,SD-017,no,0,0,3,14078
LA,Nancy Landry,R,Rep,HD-031,no,0,3,0,5289
LA,Roy Burrell,D,Rep,HD-002,no,0,2,1,5235
IN,Elizabeth Rowray,R,Rep,HD-035,yes,1,0,0,21916
WV,Tal Hutchins,D,Rep,HD-003,no,1,0,0,42
ME,Daniel Hobbs,D,Rep,HD-145,no,0,2,1,21215
MT,Daniel Emrich,R,Sen,SD-011,yes,0,3,0,23370
AL,Artis McCampbell,D,Rep,HD-071,yes,1,0,0,3358
LA,Charles Chaney,R,Rep,HD-019,no,0,2,1,5238
LA,John Edwards,D,Rep,HD-072,no,0,3,0,5298
RI,James Sheehan,D,Sen,SD-036,no,1,0,0,5199
LA,Taylor Barras,R,Rep,HD-048,no,0,3,0,5299
SC,William Whitmire,R,Rep,HD-001,yes,1,0,0,2319
LA,Robert Billiot,D,Rep,HD-083,no,0,1,2,5267
IN,John Prescott,R,Rep,HD-033,yes,1,0,0,20013
TN,Kelly Keisling,R,Rep,HD-038,yes,1,0,0,12069
NY,Yudelka Tapia,D,Rep,HD-086,yes,1,0,0,22982
MT,Barry Usher,R,Sen,SD-020,yes,0,3,0,18388
TX,Salman Bhojani,D,Rep,HD-092,yes,1,0,0,24075
LA,Patrick Connick,R,Sen,SD-008,yes,0,3,0,5239
LA,A.B. Franklin,D,Rep,HD-034,no,0,3,0,5343
LA,Jerry Gisclair,D,Rep,HD-054,no,0,2,1,5242
LA,Dorothy Hill,D,Rep,HD-032,no,0,3,0,5309
LA,Richard Burford,R,Rep,HD-007,no,0,3,0,5317
IN,Gary Byrne,R,Sen,SD-047,yes,1,0,0,23088
HI,Michelle Kidani,D,Sen,SD-018,yes,1,0,0,8440
LA,Harold Ritchie,D,Rep,HD-075,no,0,3,0,5300
LA,Karen St Germain,D,Rep,HD-060,no,0,2,1,5271
IL,Dan Brady,R,Rep,HD-105,no,1,0,0,953
LA,James Morris,R,Rep,HD-001,no,0,3,0,5228
LA,Ledricka Thierry,D,Rep,HD-040,no,0,2,1,5219
LA,Barbara Norton,D,Rep,HD-003,no,0,1,2,5329
LA,Patrick Williams,D,Rep,HD-004,no,0,1,2,5221
IN,Stacey Donato,R,Sen,SD-018,yes,1,0,0,21397
DC,David Catania,D,Sen,SD-000,no,1,0,0,14670
IN,Blake Doriot,R,Sen,SD-012,yes,1,0,0,17993
LA,Jerome Richard,I,Rep,HD-055,no,0,3,0,5291
IN,Michelle Davis,R,Rep,HD-058,yes,1,0,0,21918
MA,Anne Gobi,D,Sen,SD-WORCES,no,1,0,0,2445
LA,Elbert Guillory,D,Sen,SD-024,no,0,0,3,5399
MT,Chris Friedel,R,Sen,SD-026,no,0,3,0,22264
KY,Adam Koenig,R,Rep,HD-069,no,1,0,0,1166
HI,Scott Saiki,D,Rep,HD-025,no,1,0,0,8382
NC,Susan Fisher,D,Rep,HD-114,no,1,0,0,2060
NY,Diana Moreno,D,Rep,HD-036,yes,1,0,0,26623
LA,Norby Chabert,R,Sen,SD-020,no,0,3,0,5403
LA,Anthony Ligi,R,Rep,HD-079,no,0,3,0,5227
LA,Elton Aubert,D,Rep,HD-058,no,0,3,0,5342
WY,Ruth Petroff,R,Rep,HD-016,no,1,0,0,10944
ME,Victoria Foley,D,Rep,HD-012,no,0,2,1,21207
NM,Gregg Schmedes,R,Sen,SD-019,no,1,0,0,20923
NC,Ray Russell,D,Rep,HD-093,no,1,0,0,20526
IL,Lamont Robinson,D,Rep,HD-005,no,1,0,0,20196
MT,Anders Blewett,D,Sen,SD-011,no,0,0,3,7930
WA,Bob McCaslin,R,Rep,HD-004A,no,1,0,0,3627
US,John Yarmuth,D,Rep,HD-KY-3,no,1,0,0,9150
MI,Ray Franz,R,Rep,HD-101,no,1,0,0,10823
SD,Thomas Nelson,R,Sen,SD-031,no,0,3,0,8219
MT,Shannon Augare,D,Sen,SD-008,no,0,0,3,7902
LA,Dan Morrish,R,Sen,SD-025,no,0,2,1,5402
ME,Arthur Verow,D,Rep,HD-128,no,0,1,2,15703
HI,Fred Hemmings,R,Sen,SD-025,no,1,0,0,8433
MO,Andrew Koenig,R,Sen,SD-015,no,1,0,0,7574
LA,Franklin Foil,R,Sen,SD-016,yes,0,3,0,5264
FL,Chase Tramont,R,Rep,HD-030,yes,1,0,0,23332
VA,Joesph Lindsey,D,Rep,HD-090,no,0,1,2,16262
ME,Thomas Saviello,R,Sen,SD-017,no,1,0,0,8898
WV,Joseph Minard,D,Sen,SD-012,no,1,0,0,123
MS,Randal Rushing,R,Rep,HD-078,yes,1,0,0,13801
SC,Don Chapman,R,Rep,HD-008,yes,1,0,0,23392
CA,Lois Wolk,D,Sen,SD-003,no,1,0,0,1606
WV,Michael Oliverio,D,Sen,SD-013,no,1,0,0,124
WV,Dan Foster,D,Sen,SD-017,no,1,0,0,112
ME,Shawn Babine,D,Rep,HD-029,no,0,2,1,21190
MT,Kendall Van Dyk,D,Sen,SD-025,no,0,0,3,7870
AZ,Jay Lawrence,R,Rep,HD-023,no,1,0,0,16508
LA,Samuel Little,R,Rep,HD-014,no,0,3,0,5248
SC,Daniel Gibson,R,Rep,HD-012,yes,1,0,0,23373
ME,Richard Campbell,R,Rep,HD-019,yes,0,2,1,15775
CA,Lou Correa,D,Sen,SD-034,no,1,0,0,1579
IL,Elaine Nekritz,D,Rep,HD-057,no,1,0,0,970
AR,Jeremy Gillam,R,Rep,HD-045,no,1,0,0,12414
ME,Linda Baker,R,Sen,SD-023,no,1,0,0,16638
VA,Dave LaRock,R,Rep,HD-033,no,1,0,0,16090
HI,Les Ihara,D,Sen,SD-010,yes,1,0,0,8435
MS,Nickey Browning,R,Sen,SD-003,no,1,0,0,6653
LA,Rickey Hardy,D,Rep,HD-044,no,0,1,2,5259
IL,Steven Landek,D,Sen,SD-012,no,1,0,0,12174
VA,Thomas Wright,R,Rep,HD-050,yes,1,0,0,760
AR,Dan Douglas,R,Rep,HD-091,no,1,0,0,14937
HI,Della au Belatti,D,Rep,HD-026,yes,1,0,0,8389
AR,Clarke Tucker,D,Sen,SD-014,yes,1,0,0,16924
NM,James Dines,R,Rep,HD-020,no,1,0,0,17345
UT,Margaret Dayton,R,Sen,SD-015,no,0,0,3,8119
US,Michael Lawler,R,Rep,HD-NY-17,yes,1,0,0,24038
SC,Jason Elliott,R,Sen,SD-006,yes,1,0,0,18088
ME,Linda Valentino,D,Sen,SD-031,no,1,0,0,8915
NM,John Sapien,D,Sen,SD-009,no,1,0,0,6173
CT,Patrick Boyd,D,Rep,HD-050,yes,1,0,0,18266
NM,Andrew Nunez,R,Rep,HD-036,no,1,0,0,6108
ME,Roberta Beavers,D,Rep,HD-002,no,1,0,0,10318
CT,Joshua Elliott,D,Rep,HD-088,yes,1,0,0,18262
SC,Roger Nutt,R,Sen,SD-012,yes,1,0,0,21752
LA,A.G. Crowe,R,Sen,SD-001,no,0,2,1,5360
NM,Joy Garratt,D,Rep,HD-029,yes,1,0,0,20869
LA,Hollis Downs,R,Rep,HD-012,no,0,3,0,5306
WA,Pamela Roach,R,Sen,SD-031,no,1,0,0,3600
WA,Tim Sheldon,D,Sen,SD-035,no,1,0,0,3595
LA,Kay Katz,R,Rep,HD-016,no,0,1,2,5246
AZ,Patricia Fleming,D,Rep,HD-025,no,1,0,0,4247
AZ,Rae Waters,D,Rep,HD-020,no,1,0,0,4303
AZ,Cloves Campbell,D,Rep,HD-016,no,1,0,0,4246
HI,Jessica Wooley,D,Rep,HD-048,no,1,0,0,8381
WA,Darlene Fairley,D,Sen,SD-032,no,1,0,0,3626
ME,Brian Langley,R,Sen,SD-007,no,1,0,0,8856
IL,Julie Morrison,D,Sen,SD-029,yes,1,0,0,14320
AZ,Victoria Steele,D,Sen,SD-009,no,1,0,0,14710
AZ,Andrea Dalessandro,D,Rep,HD-002,no,1,0,0,14700
KY,Mike Nemes,R,Sen,SD-038,yes,0,2,0,11087
KY,Gerald Neal,D,Sen,SD-033,yes,0,2,0,1232
WV,Bob Ashley,R,Sen,SD-003,no,0,2,0,6
UT,Rebecca Chavez-Houck,D,Rep,HD-024,no,0,2,0,8171
WV,William Hartman,D,Rep,HD-043,no,0,2,0,38
WV,Stan Shaver,D,Rep,HD-046,no,0,2,0,79
WV,Mary Poling,D,Rep,HD-047,no,0,2,0,70
WY,John Hines,R,Sen,SD-023,no,0,0,2,8726
WV,Daryl Cowles,R,Rep,HD-058,no,0,2,0,21
WV,Ralph Rodighiero,D,Rep,HD-024,no,0,2,0,74
WV,John O'Neal,R,Rep,HD-028,no,0,2,0,11798
ME,Nathan Libby,D,Sen,SD-021,no,0,2,0,15044
MT,Roger Hagan,R,Rep,HD-019,no,0,2,0,14332
WV,Roy Givens,D,Rep,HD-002,no,0,2,0,830
WV,David Pethtel,D,Rep,HD-005,no,0,2,0,67
KY,Denise Harper Angel,D,Sen,SD-035,no,0,2,0,1224
WV,Michael Manypenny,D,Rep,HD-049,no,0,2,0,816
WV,Josh Stowers,D,Rep,HD-022,no,0,2,0,818
WV,Greg Butcher,D,Rep,HD-019,no,0,2,0,814
WV,Michael Ferro,D,Rep,HD-004,no,0,2,0,810
MT,Liz Bangerter,R,Rep,HD-080,no,0,2,0,11478
MT,Reilly Neill,D,Rep,HD-062,no,0,0,2,14342
WY,Wayne Johnson,R,Sen,SD-006,no,0,0,2,8721
WV,Richard Iaquinta,D,Rep,HD-048,no,0,2,0,43
CO,William Lindstedt,D,Sen,SD-025,yes,0,1,1,23969
MT,Douglas Coffin,D,Rep,HD-093,no,0,0,2,14328
WV,Ryan Ferns,R,Sen,SD-001,no,0,2,0,11591
WV,Douglas Reynolds,D,Rep,HD-017,no,0,2,0,73
WV,Joe Ellington,R,Rep,HD-038,yes,0,2,0,11796
KY,Stephen Meredith,R,Sen,SD-005,yes,0,2,0,18253
NY,Barbara Lifton,D,Rep,HD-125,no,0,2,0,1334
ME,David Woodsome,R,Rep,HD-139,yes,0,2,0,16787
SD,Betty Olson,R,Sen,SD-028,no,0,2,0,8266
NY,Herman Farrell,D,Rep,HD-071,no,0,2,0,1299
KY,Phillip Wheeler,R,Sen,SD-031,yes,0,2,0,21348
WV,Daniel Hall,D,Sen,SD-009,no,0,2,0,821
WV,William Romine,R,Rep,HD-006,no,0,2,0,75
NY,Leroy Comrie,D,Sen,SD-014,yes,0,2,0,16653
NY,Joseph Morelle,D,Rep,HD-136,no,0,2,0,1351
WV,Brian Savilla,R,Rep,HD-014,no,0,2,0,11307
ME,Paul Davis,R,Sen,SD-004,no,0,2,0,8815
VA,Jackson Miller,R,Rep,HD-050,no,0,2,0,721
WV,Timothy Manchin,D,Rep,HD-050,no,0,2,0,52
NY,Monica Martinez,D,Sen,SD-004,yes,0,2,0,20168
WV,Denny Canterbury,R,Rep,HD-047,yes,0,2,0,18
MT,Carolyn Squires,D,Rep,HD-096,no,0,0,2,7989
WV,Kevin Craig,D,Rep,HD-016,no,0,2,0,22
WV,Jim Morgan,D,Rep,HD-016,no,0,2,0,60
WV,Tom Azinger,R,Rep,HD-010,no,0,2,0,7
WV,Margaret Staggers,D,Rep,HD-032,no,0,2,0,83
WV,Nancy Peoples Guthrie,D,Rep,HD-036,no,0,2,0,36
WV,Dale Stephens,D,Rep,HD-017,no,0,2,0,86
MT,Frosty Ribs,D,Rep,HD-015,no,0,0,2,7931
WV,Barbara Hatfield,D,Rep,HD-030,no,0,2,0,39
WV,Harold Michael,D,Rep,HD-047,no,0,2,0,55
WV,Charlene Marshall,D,Rep,HD-051,no,0,2,0,53
WV,Brady Paxton,D,Rep,HD-013,no,0,2,0,64
WV,Steven Kominar,D,Rep,HD-020,no,0,2,0,47
WV,Scott Varner,D,Rep,HD-004,no,0,2,0,93
NY,James Seward,R,Sen,SD-051,no,0,0,2,1451
MT,Jonathan McNiven,R,Rep,HD-056,no,0,2,0,10389
ME,Catherine Breen,D,Sen,SD-025,no,0,1,1,16852
KY,Adrienne Southworth,R,Sen,SD-007,no,0,2,0,22127
MT,David Halvorson,R,Rep,HD-037,no,0,2,0,14253
MT,Jerry O'Neil,R,Rep,HD-003,no,0,0,2,10401
MT,Krayton Kerns,R,Rep,HD-058,no,0,2,0,7920
WV,Dale Martin,D,Rep,HD-013,no,0,2,0,54
WV,Larry Border,R,Rep,HD-009,no,0,2,0,12
WV,John Doyle,D,Rep,HD-067,no,0,2,0,25
WV,Timothy Ennis,D,Rep,HD-002,no,0,2,0,30
WV,Rick Snuffer,R,Rep,HD-027,no,0,2,0,11308
WV,Harold Sigler,R,Rep,HD-035,no,0,2,0,11594
VA,Timothy Hugo,R,Rep,HD-040,no,0,2,0,697
VA,Randall Minchew,R,Rep,HD-010,no,0,2,0,13733
SD,Darrell Solberg,D,Rep,HD-011,no,0,2,0,8315
KY,Karen Berg,D,Sen,SD-026,yes,0,2,0,22179
MT,Clarena Brockie,D,Rep,HD-032,no,0,0,2,14326
WV,Ricky Moye,D,Rep,HD-029,no,0,2,0,61
WV,John Overington,R,Rep,HD-062,no,0,2,0,62
WV,Barbara Fleischauer,D,Rep,HD-051,no,0,2,0,32
WV,Linda Longstreth,D,Rep,HD-050,no,0,2,0,50
NY,Kristen Gonzalez,D,Sen,SD-059,yes,0,2,0,23530
KY,Matthew Deneen,R,Sen,SD-010,yes,0,2,0,23628
MT,Champ Edmunds,R,Rep,HD-100,no,0,2,0,10408
KY,Casey Chambers Armstrong,D,Sen,SD-019,yes,0,2,0,24909
KY,Amanda Mays Bledsoe,R,Sen,SD-012,yes,0,2,0,23627
WV,Carol Miller,R,Rep,HD-016,no,0,2,0,57
NY,Elizabeth Little,R,Sen,SD-045,no,0,0,2,1431
UT,Keith Grover,R,Sen,SD-023,yes,0,2,0,8156
MT,Jesse O'Hara,R,Rep,HD-018,no,0,2,0,7916
MT,Pat Ingraham,R,Rep,HD-013,no,0,2,0,7863
UT,Wayne Harper,R,Sen,SD-016,yes,0,2,0,8150
MT,Bill McChesney,D,Rep,HD-040,no,0,0,2,7868
UT,Evan Vickers,R,Sen,SD-028,yes,0,2,0,8186
UT,Jerry Stevenson,R,Sen,SD-006,yes,0,2,0,8131
NY,James Skoufis,D,Sen,SD-042,yes,0,1,1,14216
MT,Wendy Warburton,R,Rep,HD-034,no,0,2,0,7936
NY,Michele Titus,D,Rep,HD-031,no,0,2,0,1392
UT,Ken Ivory,R,Rep,HD-039,yes,0,2,0,11842
MT,Franke Wilmer,D,Rep,HD-063,no,0,0,2,7859
MT,Ed Lieser,D,Rep,HD-005,no,0,0,2,14172
WV,Doug Skaff,D,Rep,HD-057,no,0,2,0,817
WV,Larry Kump,R,Rep,HD-094,yes,0,2,0,11207
WV,Randal Swartzmiller,D,Rep,HD-001,no,0,2,0,88
MT,Ted Washburn,R,Rep,HD-069,no,0,2,0,7879
NY,Catherine Nolan,D,Rep,HD-037,no,0,2,0,1352
NY,Clyde Vanel,D,Rep,HD-033,yes,0,2,0,18735
ME,Scott Cyrway,R,Sen,SD-016,yes,0,1,1,16689
UT,Aaron Osmond,R,Sen,SD-010,no,0,2,0,13079
WV,Ruth Rowan,R,Rep,HD-057,no,0,2,0,76
NY,David Gantt,D,Rep,HD-137,no,0,2,0,1305
LA,Damon Baldone,D,Rep,HD-053,no,0,2,0,5231
WV,Marty Gearheart,R,Rep,HD-037,yes,0,2,0,11592
LA,James Armes,D,Rep,HD-030,no,0,2,0,5297
MT,Bridget Smith,D,Rep,HD-031,no,0,0,2,14347
CO,Mark Baisley,R,Rep,SD-004,yes,0,1,1,20126
MT,Tom Steenberg,D,Rep,HD-095,no,0,0,2,14075
MT,Clayton Fiscus,R,Rep,HD-043,no,0,1,1,14330
MT,David Moore,R,Rep,HD-092,no,0,2,0,14252
MT,Nicholas Schwaderer,R,Rep,HD-014,no,0,2,0,14258
ME,Richard Bennett,R,Sen,SD-018,yes,0,1,1,22238
MT,Casey Schreiner,D,Rep,HD-025,no,0,0,2,14345
NY,Deborah Glick,D,Rep,HD-066,yes,0,2,0,1309
MT,Kerry White,R,Rep,HD-064,no,0,2,0,14256
MT,Alan Doane,R,Rep,HD-036,no,0,2,0,14329
UT,Lyle Hillyard,R,Sen,SD-025,no,0,2,0,8109
ME,Susan Deschambault,D,Sen,SD-032,no,0,2,0,17934
MT,Christy Clark,R,Rep,HD-017,no,0,2,0,11479
ME,Richard Pickett,R,Rep,HD-116,no,0,1,1,17585
MT,Ray Shaw,R,Rep,HD-071,no,0,2,0,14346
KY,Lindsey Tichenor,R,Sen,SD-006,yes,0,2,0,23564
MT,Dave Hagstrom,R,Rep,HD-052,no,0,1,1,14333
MT,Kathleen Williams,D,Rep,HD-061,no,0,0,2,12172
NY,Crystal Peoples-Stokes,D,Rep,HD-141,yes,0,2,0,1359
KY,Gex Williams,R,Sen,SD-020,yes,0,2,0,23565
MT,Nancy Wilson,D,Rep,HD-095,no,0,0,2,14349
MT,Sarah Laszloffy,R,Rep,HD-053,no,0,2,0,14337
MT,Kimberly Dudik,D,Rep,HD-094,no,0,0,2,14175
KY,Damon Thayer,R,Sen,SD-017,no,0,2,0,1246
WV,Mitch Carmichael,R,Sen,SD-004,no,0,2,0,20
MT,Alan Redfield,R,Rep,HD-059,no,0,2,0,14251
MT,Tom Woods,D,Rep,HD-062,no,0,0,2,14350
LA,John Schroder,R,Rep,HD-077,no,0,2,0,5292
ME,Richard Cebra,R,Rep,HD-068,no,0,2,0,8800
MT,Tom Berry,R,Rep,HD-040,no,0,2,0,7938
WV,Gary Howell,R,Rep,HD-087,yes,0,2,0,11206
KY,Mike Wilson,R,Sen,SD-032,yes,0,2,0,11095
MT,Cary Smith,R,Sen,SD-027,no,0,2,0,7896
SD,Jim Bolin,R,Rep,SD-016,no,0,2,0,8291
MT,Lee Randall,R,Rep,HD-037,no,0,2,0,7946
KY,David Givens,R,Sen,SD-009,yes,0,2,0,1223
KY,Robert Stivers,R,Sen,SD-025,yes,0,2,0,1244
KY,Danny Carroll,R,Sen,SD-002,yes,0,2,0,16606
KY,Steve West,R,Sen,SD-027,yes,0,2,0,17672
KY,Gary Boswell,R,Sen,SD-008,yes,0,2,0,23560
MT,Gerald Bennett,R,Rep,HD-001,no,0,2,0,7940
LA,Eddie Lambert,R,Sen,SD-018,yes,0,2,0,5247
KY,Johnnie Turner,R,Sen,SD-029,no,0,2,0,22906
WV,Tim Armstead,R,Rep,HD-040,no,0,2,0,5
KY,Jimmy Higdon,R,Sen,SD-014,yes,0,2,0,1226
MT,Robert Mehlhoff,D,Rep,HD-022,no,0,0,2,7901
NY,Mark Walczyk,R,Sen,SD-049,yes,0,0,2,20637
NY,John Flanagan,R,Sen,SD-002,no,0,0,2,1413
NY,Joseph Griffo,R,Sen,SD-053,yes,0,1,1,1417
NY,Latrice Walker,D,Rep,HD-055,yes,0,2,0,19379
NY,Kenneth LaValle,R,Sen,SD-001,no,0,1,1,1428
UT,Gene Davis,D,Sen,SD-003,no,0,1,1,8127
NY,William Magnarelli,D,Rep,HD-129,yes,0,2,0,1339
MT,Chuck Hunter,D,Rep,HD-083,no,0,0,2,7860
KY,George Wise,R,Sen,SD-016,yes,0,2,0,16603
KY,Rick Girdler,R,Sen,SD-015,yes,0,2,0,18252
WV,Margaret Smith,D,Rep,HD-046,no,0,2,0,825
CO,Katie Wallace,D,Sen,SD-017,yes,0,1,1,26447
UT,Janice Fisher,D,Rep,HD-030,no,0,2,0,8158
SD,Dennis Feickert,D,Rep,HD-001,no,0,2,0,8290
MT,Jennifer Pomnichowski,D,Sen,SD-033,no,0,0,2,7884
KY,Brandon Smith,R,Sen,SD-030,yes,0,2,0,1241
KY,Julie Raque Adams,R,Sen,SD-036,yes,0,2,0,11083
KY,Jared Carpenter,R,Sen,SD-034,yes,0,2,0,11094
NY,Thomas McKevitt,R,Rep,HD-017,no,0,0,2,1345
MT,Gordon Vance,R,Sen,SD-034,no,0,2,0,7944
LA,Christopher Roy,D,Rep,HD-025,no,0,2,0,5276
MT,Mark Blasdel,R,Sen,SD-004,no,0,2,0,7933
MT,Carolyn Pease-Lopez,D,Rep,HD-042,no,0,0,2,7945
MT,Brian Hoven,R,Sen,SD-013,no,0,2,0,7949
MT,Tom Jacobson,D,Sen,SD-011,no,0,0,2,14334
NY,Andrew Raia,R,Rep,HD-012,no,0,2,0,1367
MT,Mike Miller,R,Rep,HD-080,no,0,0,2,7915
NY,Carl Heastie,D,Rep,HD-083,yes,0,2,0,1315
MT,Mary McNally,D,Sen,SD-024,no,0,0,2,12208
MT,Douglas Kary,R,Sen,SD-022,no,0,2,0,10403
WV,Eric Nelson,R,Sen,SD-017,no,0,2,0,11797
MT,Pat Noonan,D,Rep,HD-074,no,0,0,2,7935
WV,John Pino,D,Rep,HD-032,no,0,2,0,68
MT,David Howard,R,Sen,SD-029,no,0,2,0,7942
NY,Clifford Crouch,R,Rep,HD-122,no,0,1,1,1288
MT,Roy Hollandsworth,R,Rep,HD-027,no,0,2,0,10388
MT,Lea Whitford,D,Sen,SD-008,no,0,0,2,14348
MT,Duane Ankney,R,Sen,SD-020,no,0,2,0,7854
ME,Rebecca Millett,D,Rep,HD-123,no,0,2,0,14747
NY,Andrea Stewart-Cousins,D,Sen,SD-035,yes,0,2,0,1457
WV,Ron Walters,R,Rep,HD-039,no,0,2,0,94
SD,Fred Romkema,R,Rep,HD-031,no,0,2,0,8286
ME,Erin Herbig,D,Sen,SD-011,no,0,1,1,10343
MT,Patrick Connell,R,Sen,SD-043,no,0,2,0,10409
NY,Jeffrion Aubry,D,Rep,HD-035,no,0,2,0,1259
MT,Donald Jones,R,Rep,HD-046,no,0,2,0,14335
MT,Ryan Osmundson,R,Sen,SD-015,no,0,2,0,10406
MT,Kelly McCarthy,D,Rep,HD-049,no,0,0,2,14340
WV,Ronald Fragale,D,Rep,HD-041,no,0,2,0,33
NY,David Buchwald,D,Rep,HD-093,no,0,0,2,14204
KY,John Schickel,R,Sen,SD-011,no,0,2,0,1238
SD,Justin Cronin,R,Sen,SD-023,no,0,2,0,8234
NY,Samra Brouk,D,Sen,SD-055,yes,0,2,0,22258
MT,Kirk Wagoner,R,Rep,HD-075,no,0,2,0,14257
MT,Jennifer Eck,D,Rep,HD-079,no,0,0,2,14073
MT,Amanda Curtis,D,Rep,HD-076,no,0,0,2,14072
WV,Amanda Pasdon,R,Rep,HD-051,no,0,2,0,11593
NY,Luis Sepulveda,D,Sen,SD-032,yes,0,2,0,14215
NY,Karl Brabenec,R,Rep,HD-098,yes,0,1,1,17010
MT,Virginia Court,D,Rep,HD-050,no,0,0,2,12245
UT,Scott Jenkins,R,Sen,SD-020,no,0,1,1,8181
WV,Linda Sumner,R,Rep,HD-030,no,0,2,0,87
WV,Harry White,D,Rep,HD-021,no,0,2,0,97
WY,Cale Case,R,Sen,SD-025,yes,0,1,1,8675
CO,Tom Sullivan,D,Sen,SD-027,yes,0,1,1,20140
WV,Larry Williams,D,Rep,HD-052,no,0,2,0,98
NY,Stephen Hawley,R,Rep,HD-139,yes,0,1,1,1313
WV,David Walker,D,Rep,HD-033,no,0,2,0,819
WV,Eric Householder,R,Rep,HD-096,no,0,2,0,11305
WV,Tiffany Lawrence,D,Rep,HD-065,no,0,2,0,829
WV,Meshea Poore,D,Rep,HD-037,no,0,2,0,834
WV,Don Perdue,D,Rep,HD-019,no,0,2,0,65
MT,Jean Price,D,Rep,HD-024,no,0,0,2,12099
WV,Brent Boggs,D,Rep,HD-034,no,0,2,0,11
WV,Ronnie Jones,D,Rep,HD-001,no,0,2,0,11272
UT,Allen Christensen,R,Sen,SD-019,no,0,0,2,8163
WV,Daniel Poling,D,Rep,HD-010,no,0,2,0,69
NY,Brian Kolb,R,Rep,HD-131,no,0,1,1,1328
MT,Bryce Bennett,D,Sen,SD-050,no,0,0,2,10411
LA,Herbert Dixon,D,Rep,HD-026,no,0,1,1,5269
MT,Edward Greef,R,Rep,HD-088,no,0,2,0,10881
WV,Anthony Barill,D,Rep,HD-051,no,0,2,0,11919
NY,Michael Gianaris,D,Sen,SD-012,yes,0,2,0,1306
ME,Wayne Parry,R,Rep,HD-140,yes,0,2,0,10366
UT,Curtis Bramble,R,Sen,SD-024,no,0,2,0,8111
WV,Rupert Phillips,R,Sen,SD-007,yes,0,2,0,11306
NY,Richard Gottfried,D,Rep,HD-075,no,0,2,0,1311
MT,Randy Brodehl,R,Rep,HD-009,no,0,2,0,10880
NY,Diane Savino,D,Sen,SD-023,no,0,2,0,1448
KY,Reginald Thomas,D,Sen,SD-013,yes,0,2,0,16111
NY,Michael Cusick,D,Rep,HD-063,no,0,2,0,1289
WV,Samuel Cann,D,Sen,HD-048,no,0,2,0,17
KY,David Yates,D,Sen,SD-037,no,0,2,0,22180
NY,Gary Pretlow,D,Rep,HD-089,yes,0,2,0,1364
KY,Brandon Storm,R,Sen,SD-021,yes,0,2,0,22070
VA,Jason Miyares,R,Rep,HD-082,no,0,0,2,17739
KY,Donald Douglas,R,Sen,SD-022,yes,0,2,0,23014
KY,Shelley Frommeyer,R,Sen,SD-024,yes,0,2,0,23721
UT,Deidre Henderson,R,Sen,SD-007,no,0,2,0,14054
MT,Bill Harris,R,Rep,HD-029,no,0,2,0,10878
NY,Chad Lupinacci,R,Rep,HD-010,no,0,2,0,14577
LA,Patrick Cortez,R,Sen,SD-023,no,0,2,0,5296
MT,Ron Ehli,R,Rep,HD-086,no,0,2,0,10876
WV,Danny Wells,D,Rep,HD-036,no,0,2,0,96
NY,Gary Finch,R,Rep,HD-126,no,0,1,1,1301
WV,Walter Duke,R,Rep,HD-061,no,0,2,0,26
WV,William Anderson,R,Rep,HD-010,yes,0,2,0,2
NY,Marc Butler,R,Rep,HD-118,no,0,1,1,1274
ME,Joseph Rafferty,D,Sen,SD-034,yes,0,2,0,22241
NY,John Liu,D,Sen,SD-016,yes,0,2,0,20167
MT,Kris Hansen,R,Sen,SD-014,no,0,2,0,10398
MT,Kelly Flynn,R,Rep,HD-070,no,0,2,0,10412
MT,Steve Lavin,R,Rep,HD-008,no,0,2,0,10397
MT,Joanne Blyton,R,Rep,HD-059,no,0,2,0,11625
NY,Andrew Lanza,R,Sen,SD-024,yes,0,1,1,1426
MT,Austin Knudsen,R,Rep,HD-034,no,0,2,0,10393
MT,Rob Cook,R,Rep,HD-018,no,0,2,0,10391
UT,Ralph Okerlund,R,Sen,SD-024,no,0,2,0,8122
MT,Kathy Swanson,D,Rep,HD-077,no,0,0,2,10390
WV,Lynwood Ireland,R,Rep,HD-007,no,0,2,0,44
MT,Wylie Galt,R,Sen,SD-039,yes,0,2,0,14259
MT,Carlie Boland,D,Sen,SD-012,no,0,0,2,7892
KY,Robin Webb,R,Sen,SD-018,yes,0,2,0,1249
WV,Richard Thompson,D,Rep,HD-019,no,0,2,0,1
NY,Joseph Robach,R,Sen,SD-056,no,0,0,2,1445
UT,Stephen Urquhart,R,Sen,SD-029,no,0,2,0,8141
SD,Jason Frerichs,D,Sen,SD-001,no,0,2,0,8287
UT,Stuart Adams,R,Sen,SD-007,yes,0,2,0,8148
KY,Jason Howell,R,Sen,SD-001,yes,0,2,0,22071
WV,Linda Phillips,D,Rep,HD-025,no,0,2,0,820
LA,Ricky Templet,R,Rep,HD-085,no,0,2,0,5256
SD,Frank Kloucek,D,Rep,HD-019,no,0,2,0,8304
LA,Mickey Guillory,D,Rep,HD-041,no,0,1,1,5224
VA,Marcia Price,D,Rep,HD-085,yes,0,0,2,17806
SD,Tim Rounds,R,Rep,HD-024,no,0,2,0,8215
SD,Kathleen Miles,D,Sen,SD-015,no,0,2,0,8282
LA,Cedric Richmond,D,Rep,HD-101,no,0,1,1,5303
UT,Wayne Niederhauser,R,Sen,SD-009,no,0,2,0,8126
UT,Mark Madsen,R,Sen,SD-013,no,0,0,2,8143
NY,Neil Breslin,D,Sen,SD-046,no,0,2,0,1406
NY,Helene Weinstein,D,Rep,HD-041,no,0,2,0,1397
UT,Peter Knudson,R,Sen,SD-017,no,0,2,0,8132
NY,William Barclay,R,Rep,HD-120,yes,0,1,1,1262
UT,Howard Stephenson,R,Sen,SD-011,no,0,0,2,8107
UT,Jim Dabakis,D,Sen,SD-002,no,0,2,0,15463
WV,Kelli Sobonya,R,Rep,HD-018,no,0,2,0,81
LA,George Cromer,R,Rep,HD-090,no,0,2,0,5240
MT,Margaret MacDonald,D,Sen,SD-026,no,0,0,2,7918
NY,Brad Hoylman-Sigal,D,Sen,SD-047,yes,0,2,0,14220
ME,Ned Claxton,D,Sen,SD-020,no,0,2,0,21166
MT,David Wanzenried,D,Sen,SD-049,no,0,0,2,7953
NY,Timothy Kennedy,D,Sen,SD-063,no,0,2,0,11114
NY,Amy Paulin,D,Rep,HD-088,yes,0,2,0,1358
MT,Patricia Peppers,D,Rep,HD-041,no,0,0,2,14343
MT,Galen Hollenbaugh,D,Rep,HD-081,no,0,0,2,7857
SD,Jason Gant,R,Sen,SD-011,no,0,2,0,8280
NY,Steven Englebright,D,Rep,HD-004,no,0,2,0,1296
NY,Liz Krueger,D,Sen,SD-028,yes,0,2,0,1424
NY,Robert Oaks,R,Rep,HD-130,no,0,1,1,1355
UT,Jack Draxler,R,Rep,HD-003,no,0,2,0,8166
UT,Michael Noel,R,Rep,HD-073,no,0,2,0,8140
MT,Jenifer Gursky,D,Rep,HD-098,no,0,0,2,14255
NY,George Borrello,R,Sen,SD-057,yes,0,2,0,21405
ME,Robert Foley,R,Rep,HD-145,yes,0,1,1,16781
UT,Kraig Powell,R,Rep,HD-054,no,0,2,0,8176
WV,Erikka Storch,R,Rep,HD-004,no,0,2,0,11309
WV,Jonathan Miller,R,Rep,HD-053,no,0,2,0,58
NY,Vivian Cook,D,Rep,HD-032,yes,0,2,0,1285
LA,Jim Tucker,R,Rep,HD-086,no,0,2,0,5257
WV,Patrick Lane,R,Rep,HD-038,no,0,2,0,48
NY,Brian Benjamin,D,Sen,SD-030,no,0,2,0,19392
UT,Patricia Jones,D,Sen,SD-004,no,0,2,0,8175
LA,Richard Gallot,D,Sen,SD-029,no,0,1,1,5315
WV,David Perry,D,Rep,HD-032,no,0,2,0,66
MT,Gordon Pierson,D,Rep,HD-078,no,0,0,2,14344
SD,Dennis Schmidt,R,Sen,SD-033,no,0,2,0,8268
ME,David Miramant,D,Sen,SD-012,no,0,1,1,16639
NY,Michael Norris,R,Rep,HD-144,no,0,0,2,19135
LA,Jack Montoucet,D,Rep,HD-042,no,0,1,1,5226
UT,Stuart Reid,R,Sen,SD-018,no,0,2,0,11765
SD,Martha Vanderlinde,D,Rep,HD-015,no,0,2,0,8317
UT,John Valentine,R,Sen,SD-014,no,0,2,0,8153
SD,Mark Kirkeby,R,Sen,SD-035,no,0,2,0,8213
WV,Troy Andes,R,Rep,HD-015,no,0,2,0,3
NY,Kevin Parker,D,Sen,SD-021,yes,0,2,0,1442
LA,John Anders,D,Rep,HD-021,no,0,2,0,5273
WV,Denise Campbell,D,Rep,HD-043,no,0,2,0,11304
UT,Karen Mayne,D,Sen,SD-005,no,0,2,0,8117
LA,Sam Jones,D,Rep,HD-050,no,0,0,2,5286
MT,Steven Gibson,R,Rep,HD-078,no,0,2,0,10879
SD,Val Rausch,R,Rep,HD-004,no,0,2,0,8300
MT,Nancy Ballance,R,Rep,HD-087,no,0,2,0,14325
ME,Glenn Curry,D,Sen,SD-011,yes,0,2,0,22240
WV,Allen Evans,R,Rep,HD-054,no,0,2,0,31
ME,Edward Crockett,D,Rep,HD-112,yes,0,1,1,21197
MD,Kym Taylor,D,Rep,HD-023,yes,0,1,0,24721
ID,Thomas Loertscher,R,Rep,HD-032B,no,0,1,0,8038
SD,Quinten Burg,D,Rep,HD-022,no,0,1,0,8316
ID,Gary Collins,R,Rep,HD-013B,no,0,1,0,8018
SD,Jeffrey Haverly,R,Sen,SD-035,no,0,1,0,21677
ID,Dean Cameron,R,Sen,SD-027,no,0,1,0,8077
ID,Bart Davis,R,Sen,SD-033,no,0,1,0,8081
ID,Russell Fulcher,R,Sen,SD-022,no,0,1,0,8082
ID,John McGee,R,Sen,SD-010,no,0,1,0,8094
ID,James Hammond,R,Sen,SD-005,no,0,1,0,8085
ID,Diane Bilyeu,D,Sen,SD-029,no,0,0,1,8073
ID,Mike Moyle,R,Rep,HD-010A,yes,0,1,0,8043
NY,Daphne Jordan,R,Sen,SD-043,no,0,0,1,20166
IL,Dan Duffy,R,Sen,SD-026,no,0,1,0,1059
NY,David Carlucci,D,Sen,SD-038,no,0,1,0,11109
IL,Matt Murphy,R,Sen,SD-027,no,0,0,1,1094
NY,James Gaughran,D,Sen,SD-005,no,0,1,0,20152
WV,Michael Caputo,D,Sen,SD-013,no,0,1,0,19
LA,Robert Marionneaux,D,Sen,SD-017,no,0,1,0,5368
IL,Dan Kotowski,D,Sen,SD-028,no,0,0,1,1060
UT,Joel Briscoe,D,Rep,HD-024,no,0,1,0,12070
ME,Kathy Downes,R,Rep,HD-130,no,0,1,0,22721
ID,Nicole LeFavour,D,Sen,SD-019,no,0,0,1,8091
ID,Joyce Broadsword,R,Sen,SD-002,no,0,1,0,8076
ID,Edgar Malepeai,D,Sen,SD-030,no,0,0,1,8093
ID,Phylis King,D,Rep,HD-018B,no,0,0,1,8034
ID,Julie Ellsworth,R,Rep,HD-018A,no,0,0,1,12741
ID,Steven Bair,R,Sen,SD-031,no,0,1,0,8072
ID,Bert Brackett,R,Sen,SD-023,no,0,1,0,8075
ID,Joseph Stegner,R,Sen,SD-007,no,0,0,1,8102
ID,Dean Mortimer,R,Sen,SD-030,no,0,1,0,8097
ID,Dan Schmidt,D,Sen,SD-005,no,0,0,1,11647
ID,Elliot Werk,D,Sen,SD-017,no,0,0,1,8104
UT,Michael Kennedy,R,Sen,SD-021,no,0,1,0,14566
ME,John Tuttle,D,Rep,HD-018,no,0,1,0,8914
ID,Scott Bedke,R,Rep,HD-027A,no,0,1,0,8005
ID,Darrell Bolz,R,Rep,HD-010B,no,0,1,0,8011
IL,Toi Hutchinson,D,Sen,SD-040,no,0,1,0,1106
ID,Ken Roberts,R,Rep,HD-008A,no,0,1,0,8052
ID,Robert Schaefer,R,Rep,HD-012A,no,0,0,1,8056
ID,Mack Shirley,R,Rep,HD-034A,no,0,1,0,8059
ID,Erik Simpson,R,Rep,HD-032B,no,0,1,0,8060
ID,Leon Smith,R,Rep,HD-024A,no,0,0,1,8062
ID,Jeffrey Nesset,R,Rep,HD-007A,no,0,1,0,12745
ID,John Andreason,R,Sen,SD-015,no,0,1,0,8071
ID,Tim Corder,R,Sen,SD-022,no,0,1,0,8079
ID,Denton Darrington,R,Sen,SD-027,no,0,1,0,8080
ID,Melinda Smyser,R,Sen,SD-011,no,0,0,1,8101
ID,Mitchell Toryanski,R,Sen,SD-018,no,0,1,0,12755
ID,Clint Stennett,D,Sen,SD-025,no,0,0,1,8103
ID,Curtis McKenzie,R,Sen,SD-013,no,0,1,0,8096
ID,Lee Heider,R,Sen,SD-024,no,0,1,0,12750
ID,Monty Pearce,R,Sen,SD-009,no,0,1,0,8098
ID,Joe Palmer,R,Rep,HD-020A,yes,0,1,0,8046
ID,Leslie Bock,D,Sen,SD-016,no,0,0,1,8074
ID,Brent Crane,R,Rep,HD-013A,yes,0,1,0,8019
ID,Lawerence Denney,R,Rep,HD-009A,no,0,1,0,8021
ID,George Eskridge,R,Rep,HD-001B,no,0,1,0,8023
TN,Dale Carr,R,Rep,HD-012,no,0,0,1,14453
ID,Fred Wood,R,Rep,HD-027B,no,0,1,0,8069
ID,John Stevenson,R,Rep,HD-026A,no,0,1,0,8063
ID,Lynn Luker,R,Rep,HD-015A,no,0,1,0,8039
ID,Frank Henderson,R,Rep,HD-003B,no,0,1,0,8029
ID,Dell Raybould,R,Rep,HD-034B,no,0,1,0,8050
ID,Shirley Ringo,D,Rep,HD-005B,no,0,0,1,8051
ID,John Vander Woude,R,Rep,HD-022A,yes,0,1,0,12749
ID,Marcus Gibbs,R,Rep,HD-032A,no,0,1,0,8024
ID,JoAn Wood,R,Rep,HD-035A,no,0,1,0,8070
ID,John Goedde,R,Sen,SD-004,no,0,1,0,8084
ID,Jeff Siddoway,R,Sen,SD-035,no,0,1,0,8100
TN,Dwayne Thompson,D,Rep,HD-096,no,0,0,1,18636
ID,Jeffrey Thompson,R,Rep,HD-030A,no,0,1,0,8066
ID,Linden Bateman,R,Rep,HD-033B,no,0,1,0,12738
ID,Reed DeMordaunt,R,Rep,HD-014B,no,0,1,0,12740
ID,Shannon McMillan,R,Rep,HD-007A,no,0,0,1,12744
TN,Jay Reedy,R,Rep,HD-074,yes,0,1,0,16862
VA,Joshua Cole,D,Rep,HD-028,yes,0,1,0,24977
ME,Jeffery Gifford,R,Rep,HD-142,no,0,0,1,8831
ME,Peggy Stanley,R,Rep,HD-143,no,0,1,0,22767
ID,John Tippets,R,Sen,SD-032,no,0,1,0,12754
ID,Christy Perry,R,Rep,HD-011B,no,0,1,0,12747
ID,Sheryl Nuxoll,R,Sen,SD-007,no,0,1,0,12751
ID,Steven Thayn,R,Sen,SD-008,no,0,1,0,8065
ID,Brent Hill,R,Sen,SD-034,no,0,1,0,8087
ID,Shawn Keough,R,Sen,SD-001,no,0,0,1,8090
ID,Patti Lodge,R,Sen,SD-011,no,0,1,0,8092
IL,Michael Frerichs,D,Sen,SD-052,no,0,1,0,1098
ID,Judy Boyle,R,Rep,HD-009B,yes,0,1,0,8012
ID,Elaine Smith,D,Rep,HD-029B,no,0,0,1,8061
VA,Phillip Scott,R,Rep,HD-063,yes,0,1,0,22995
VA,Otto Wachsmann,R,Rep,HD-083,yes,0,1,0,23016
ID,Cherie Buckner-Webb,D,Sen,SD-019,no,0,0,1,12739
ID,Charles Winder,R,Sen,SD-020,no,0,1,0,8105
ME,Scott Cuddy,D,Rep,HD-098,no,0,1,0,21198
ID,Jim Guthrie,R,Sen,SD-028,yes,0,1,0,12742
KY,Josh Calloway,R,Rep,HD-010,yes,0,1,0,22053
ID,Steve Vick,R,Sen,SD-002,no,0,1,0,12756
KY,Candy Massaroni,R,Rep,HD-050,yes,0,1,0,23619
NY,Nicole Malliotakis,R,Rep,HD-064,no,0,0,1,11105
ME,Jonathan Connor,R,Rep,HD-058,no,0,0,1,22702
ME,Barbara Wood,D,Rep,HD-038,no,0,1,0,22696
ME,Richard Evans,D,Rep,HD-120,no,0,1,0,22714
ME,Cathy Nadeau,R,Rep,HD-078,no,0,0,1,22905
KY,Thomas Huff,R,Rep,HD-049,yes,0,1,0,20489
KY,Shane Baker,R,Rep,HD-085,yes,0,1,0,22050
KY,Kevin Jackson,R,Rep,HD-020,yes,0,1,0,23561
KY,Jennifer Henson Decker,R,Rep,HD-058,yes,0,1,0,22054
KY,Wade Williams,R,Rep,HD-004,yes,0,1,0,23566
UT,Douglas Sagers,R,Rep,HD-021,no,0,1,0,11715
VA,Katrina Callsen,D,Rep,HD-054,yes,0,1,0,24978
ME,Eric Brakey,R,Sen,SD-020,no,0,0,1,16614
NY,Carmen De La Rosa,D,Rep,HD-072,no,0,1,0,18736
VA,Rozia Henson,D,Rep,HD-019,yes,0,1,0,24980
UT,Merrill Nelson,R,Rep,HD-068,no,0,1,0,15459
VA,Destiny LeVere Bolling,D,Rep,HD-080,yes,0,1,0,24989
ME,Danny Costain,R,Rep,HD-033,no,0,0,1,21196
MD,Darrell Odom,D,Rep,HD-027,yes,0,1,0,26608
ME,James Gillway,R,Rep,HD-098,no,0,1,0,10339
ME,Karen Vachon,R,Rep,HD-029,no,0,1,0,17339
UT,Don Ipson,R,Sen,SD-029,yes,0,1,0,8196
ME,Martin Grohman,D,Rep,HD-012,no,0,0,1,17334
ME,Thomas Longstaff,D,Rep,HD-109,no,0,1,0,10350
ME,Eleanor Espling,R,Rep,HD-065,no,0,1,0,10335
ME,John Picchiotti,R,Rep,HD-108,no,0,1,0,10367
VA,Karen Carnegie,D,Rep,HD-089,yes,0,1,0,26517
NY,Michael Ranzenhofer,R,Sen,SD-061,no,0,1,0,1444
UT,Susan Duckworth,D,Rep,HD-022,no,0,1,0,8205
NY,Matthew Titone,D,Rep,HD-061,no,0,1,0,1391
IL,Chris Lauzen,R,Sen,SD-025,no,0,0,1,1054
MT,Matt Regier,R,Sen,SD-005,yes,0,1,0,18515
UT,Mark Wheatley,D,Rep,HD-035,no,0,1,0,8207
ME,Heather Sirocki,R,Rep,HD-028,no,0,1,0,10371
MT,Tony Tezak,R,Sen,SD-035,yes,0,1,0,25432
ME,Dillon Bates,D,Rep,HD-035,no,0,0,1,17105
UT,Carol Moss,D,Rep,HD-034,yes,0,1,0,8173
VA,Israel O'Quinn,R,Rep,HD-044,yes,0,1,0,13746
ME,Paul Chace,R,Rep,HD-046,no,0,1,0,16633
UT,Bradley Last,R,Rep,HD-071,no,0,1,0,8187
UT,Marie Poulson,D,Rep,HD-046,no,0,1,0,8169
UT,Kay Christofferson,R,Rep,HD-053,yes,0,1,0,15452
SD,Kent Juhnke,R,Sen,HD-021,no,0,1,0,8236
SD,Susan Blake,D,Rep,HD-013,no,0,0,1,8318
ME,Karen Gerrish,R,Rep,HD-020,no,0,1,0,16782
ME,Phyllis Ginzler,R,Rep,HD-069,no,0,1,0,17333
ME,Gay Grant,D,Rep,HD-083,no,0,1,0,15273
UT,V. Lowry Snow,R,Rep,HD-074,no,0,1,0,13832
UT,James Dunnigan,R,Rep,HD-036,yes,0,1,0,8123
ME,Scott Hamann,D,Rep,HD-032,no,0,0,1,14719
UT,Angela Romero,D,Rep,HD-025,yes,0,1,0,14564
ME,Lance Harvell,R,Rep,HD-089,no,0,1,0,8839
ME,Gary Hilliard,R,Rep,HD-076,no,0,1,0,17271
TN,John Holsclaw,R,Rep,HD-004,no,0,0,1,16858
UT,Ryan Wilcox,R,Rep,HD-007,yes,0,1,0,8151
ME,Jonathan Kinney,R,Rep,HD-022,no,0,1,0,15404
ME,Walter Kumiega,D,Rep,HD-134,no,0,0,1,10347
ME,John Madigan,D,Rep,HD-115,no,0,1,0,18194
ME,Carol McElwee,R,Rep,HD-149,no,0,1,0,14725
UT,Brian King,D,Rep,HD-023,no,0,1,0,8172
ME,Kimberly Monaghan-Derrig,D,Rep,HD-030,no,0,0,1,13884
ME,Jennifer Parker,D,Rep,HD-006,no,0,1,0,18198
ME,Jeffrey Pierce,R,Rep,HD-053,no,0,1,0,16637
LA,Dalton Honore,D,Rep,HD-063,no,0,1,0,9524
ME,Stedman Seavey,R,Rep,HD-009,no,0,1,0,17532
UT,Mike McKell,R,Sen,SD-025,yes,0,1,0,15458
ME,Roger Sherman,R,Rep,HD-144,no,0,1,0,8773
ME,John Spear,D,Rep,HD-092,no,0,0,1,18205
SD,Bob Gray,R,Sen,SD-024,no,0,1,0,8295
SD,Todd Schlekeway,R,Sen,SD-011,no,0,1,0,8226
SD,Eldon Nygaard,D,Sen,SD-017,no,0,1,0,8278
ME,Beth Turner,R,Rep,HD-141,no,0,1,0,12720
ME,Raymond Wallace,R,Rep,HD-024,no,0,1,0,13876
ME,Karleton Ward,R,Rep,HD-131,no,0,1,0,17506
ME,Tom Winsor,R,Rep,HD-071,no,0,1,0,10379
ME,Stephen Wood,R,Rep,HD-057,no,0,0,1,10381
UT,Stephen Handy,R,Rep,HD-016,no,0,1,0,11718
SD,Mitchell Fargen,D,Rep,HD-008,no,0,0,1,8306
SD,Jamie Boomgarden,R,Rep,HD-017,no,0,1,0,8323
SD,Edward Iron Cloud,D,Rep,HD-027,no,0,1,0,8322
SD,Art Fryslie,R,Sen,SD-006,no,0,1,0,8247
SD,Cooper Garnos,R,Sen,SD-021,no,0,1,0,8231
SD,Oran Sorenson,D,Rep,HD-025,no,0,1,0,8216
SD,Gerald Lange,D,Rep,HD-008,no,0,1,0,8237
UT,Jacob Anderegg,R,Sen,SD-022,no,0,1,0,15450
SD,Kristi Noem,R,Rep,HD-006,no,0,1,0,8225
SD,Carol Pitts,R,Rep,HD-007,no,0,1,0,8307
SD,Bob Faehn,R,Rep,HD-005,no,0,1,0,8212
SD,Ed McLaughlin,R,Rep,HD-034,no,0,1,0,8239
SD,Richard Engels,D,Rep,HD-009,no,0,1,0,8270
SD,Noel Hamiel,R,Rep,HD-020,no,0,1,0,8274
SD,Thomas Deadrick,R,Rep,HD-021,no,0,1,0,8250
SD,Ryan Olson,R,Rep,HD-024,no,0,1,0,8310
UT,Francis Gibson,R,Rep,HD-065,no,0,1,0,8203
UT,Patrice Arent,D,Rep,HD-036,no,0,1,0,11719
UT,Marc Roberts,R,Rep,HD-067,no,0,1,0,15280
ME,Cameron Reny,D,Sen,SD-013,yes,0,1,0,23236
UT,Keven Stratton,R,Sen,SD-024,yes,0,1,0,15461
UT,John Knotwell,R,Rep,HD-052,no,0,1,0,15455
ME,James Libby,R,Sen,SD-022,yes,0,0,1,23234
UT,Steve Eliason,R,Rep,HD-043,yes,0,1,0,12088
UT,Jon Stanard,R,Rep,HD-062,no,0,1,0,15460
UT,Gregory Hughes,R,Rep,HD-051,no,0,1,0,8182
UT,Lynn Hemingway,D,Rep,HD-040,no,0,1,0,8167
UT,Edward Redd,R,Rep,HD-004,no,0,1,0,14053
SD,Scott Heidepriem,D,Sen,SD-013,no,0,1,0,8302
SD,Thomas Dempster,I,Sen,SD-009,no,0,1,0,8313
SD,Margaret Gillespie,D,Sen,SD-016,no,0,1,0,8284
SD,Gordon Howie,R,Sen,SD-030,no,0,1,0,8297
UT,Gage Froerer,R,Rep,HD-008,no,0,1,0,8157
UT,Johnny Anderson,R,Rep,HD-034,no,0,1,0,8198
SD,Bill Thompson,D,Rep,HD-013,no,0,1,0,8321
UT,Brad Dee,R,Rep,HD-011,no,0,1,0,8112
SD,Sandy Jerstad,D,Sen,SD-012,no,0,1,0,8281
SD,Nancy Berry,D,Sen,SD-005,no,0,1,0,8251
SD,Dave Knudson,R,Sen,SD-014,no,0,1,0,8248
SD,Gary Hanson,D,Sen,SD-001,no,0,1,0,8253
UT,R. Curt Webb,R,Rep,HD-005,no,0,1,0,8184
UT,Rebecca Edwards,R,Rep,HD-020,no,0,1,0,8188
SD,Ben Nesselhuf,D,Sen,SD-017,no,0,1,0,8308
UT,Jeremy Peterson,R,Rep,HD-009,no,0,1,0,11714
UT,Lavar Christensen,R,Rep,HD-032,no,0,1,0,11843
UT,Melvin Brown,R,Rep,HD-053,no,0,1,0,8138
SD,Pamela Merchant,D,Sen,SD-007,no,0,1,0,8249
UT,Dixon Pitcher,R,Rep,HD-010,no,0,1,0,12089
UT,Earl Tanner,R,Rep,HD-043,no,0,1,0,15462
UT,John Westwood,R,Rep,HD-072,no,0,1,0,14567
UT,Rich Cunningham,R,Rep,HD-050,no,0,1,0,15454
UT,David Lifferth,R,Rep,HD-002,no,0,1,0,15457
UT,Brian Greene,R,Rep,HD-057,no,0,1,0,14992
ME,Gina Mason,R,Rep,HD-056,no,0,1,0,18195
UT,Jerry Anderson,R,Rep,HD-069,no,0,1,0,15451
UT,Richard Greenwood,R,Rep,HD-012,no,0,1,0,8200
UT,Jim Bird,R,Rep,HD-042,no,0,1,0,8161
ME,Roger Fuller,D,Rep,HD-059,no,0,1,0,18185
UT,Jen Seelig,D,Rep,HD-023,no,0,1,0,8178
UT,Tim Cosgrove,D,Rep,HD-044,no,0,1,0,8183
UT,Dana Layton,R,Rep,HD-060,no,0,1,0,15456
IL,Gary Forby,D,Sen,SD-059,no,0,0,1,1071
ME,Roger Reed,R,Rep,HD-103,no,0,1,0,15406
UT,Ronda Menlove,R,Rep,HD-001,no,0,1,0,8145
UT,Jim Nielson,R,Rep,HD-019,no,0,1,0,12087
UT,Spencer Cox,R,Rep,HD-058,no,0,1,0,15453
UT,Rebecca Lockhart,R,Rep,HD-064,no,0,1,0,8142
ME,Michael Carpenter,D,Sen,SD-002,no,0,0,1,18178
ME,Everett Carson,D,Sen,SD-024,no,0,0,1,18179
ME,Andrew McLean,D,Rep,HD-027,no,0,0,1,15278
LA,Jeffery Arnold,D,Rep,HD-102,no,0,1,0,5266
IL,John Cullerton,D,Sen,SD-006,no,0,0,1,1082
IL,Kwame Raoul,D,Sen,SD-013,no,0,0,1,1087
ME,James Hamper,R,Sen,SD-019,no,0,1,0,8836
ME,Dana Dow,R,Sen,SD-013,no,0,1,0,10333
IL,Christine Radogno,R,Sen,SD-041,no,0,1,0,1055
IL,Tim Bivins,R,Sen,SD-045,no,0,0,1,1105
ME,Jennifer DeChant,D,Rep,HD-052,no,0,0,1,15744
ME,Sheldon Hanington,R,Rep,HD-142,no,0,1,0,16853
KY,Bobby McCool,R,Rep,HD-097,yes,0,1,0,20474
KY,Sarah Stalker,D,Rep,HD-034,yes,0,1,0,23696
ME,Shenna Bellows,D,Sen,SD-014,no,0,1,0,18175
KY,Billy Wesley,R,Rep,HD-091,yes,0,1,0,22069
ME,Laurel Libby,R,Rep,HD-090,yes,0,0,1,22706
ME,Tracy Quint,R,Rep,HD-008,yes,0,0,1,22750
ME,Paula Sutton,R,Rep,HD-095,no,0,1,0,18208
MD,Courtney Watson,D,Rep,HD-009,yes,0,1,0,20857
MD,Linda Foley,D,Rep,HD-015,yes,0,1,0,23041
MD,Julie Palakovich Carr,D,Rep,HD-017,yes,0,1,0,20794
MD,Natalie Ziegler,D,Rep,HD-009,yes,0,1,0,24542
ME,Heidi Brooks,D,Rep,HD-061,no,0,1,0,17330
MD,Gabriel Acevero,D,Rep,HD-039,yes,0,1,0,20789
MD,Lorig Charkoudian,D,Rep,HD-020,yes,0,1,0,20858
MD,April Rose,R,Rep,HD-005,yes,0,0,1,17670
MD,Joe Vogel,D,Rep,HD-017,yes,0,1,0,24389
MD,Aletheia McCaskill,D,Rep,HD-044,yes,0,1,0,24537
KY,Randy Bridges,R,Rep,HD-003,yes,0,1,0,20485
MD,Anne Healey,D,Rep,HD-022,yes,0,1,0,4624
ME,Suzanne Salisbury,D,Rep,HD-128,yes,0,1,0,22717
MD,Ben Barnes,D,Rep,HD-021,yes,0,1,0,4583
ME,Jared Golden,D,Rep,HD-060,no,0,1,0,16636
KY,Michael Meredith,R,Rep,HD-019,yes,0,1,0,11086
MD,Elizabeth Embry,D,Rep,HD-043,yes,0,1,0,24713
MD,Mark Chang,D,Rep,HD-032,yes,0,1,0,17233
KY,Tina Bojanowski,D,Rep,HD-032,yes,0,1,0,20486
MD,David Fraser-hidalgo,D,Rep,HD-015,yes,0,1,0,16100
KY,Savannah Maddox,R,Rep,HD-061,yes,0,1,0,20557
MD,Catherine Forbes,D,Rep,HD-043,yes,0,1,0,21425
MD,Emily Shetty,D,Rep,HD-018,yes,0,1,0,20795
MD,Malcolm Ruff,D,Rep,HD-041,yes,0,1,0,25011
MD,Kriselda Valderrama,D,Rep,HD-026,yes,0,1,0,4534
ME,Joseph Underwood,R,Rep,HD-005,yes,0,0,1,22348
MD,Karen Simpson,D,Rep,HD-003,yes,0,1,0,24388
KY,David Osborne,R,Rep,HD-059,yes,0,1,0,1179
ME,John Ducharme,R,Rep,HD-071,yes,0,0,1,22701
ME,Samuel Zager,D,Rep,HD-116,yes,0,1,0,22715
ME,Traci Gere,D,Rep,HD-134,yes,0,1,0,22867
MD,Jon Cardin,D,Rep,HD-011,yes,0,1,0,4598
MD,Marc Korman,D,Rep,HD-016,yes,0,1,0,17401
MD,Marvin Holmes,D,Rep,HD-023,yes,0,1,0,4623
MD,C.T. Wilson,D,Rep,HD-028,yes,0,1,0,12163
MD,Barrie Ciliberti,R,Rep,HD-004,yes,0,1,0,17553
MD,Andrea Harrison,D,Rep,HD-024,yes,0,1,0,21279
MD,Pamela Queen,D,Rep,HD-014,yes,0,1,0,17917
MD,Aaron Kaufman,D,Rep,HD-018,yes,0,1,0,24536
MD,Sarah Wolek,D,Rep,HD-016,yes,0,1,0,24931
MD,Frank Conaway,D,Rep,HD-040,yes,0,1,0,4531
NY,Velmanette Montgomery,D,Sen,SD-025,no,0,1,0,1436
MD,Andre Johnson,D,Rep,HD-034,yes,0,1,0,23909
MD,Christopher Adams,R,Rep,HD-037,yes,0,0,1,17398
MD,Robin Grammer,R,Rep,HD-006,yes,0,0,1,17423
MD,Jeff Ghrist,R,Rep,HD-036,yes,0,0,1,17399
MD,Mark Fisher,R,Rep,HD-027,yes,0,0,1,11554
MD,Jim Hinebaugh,R,Rep,HD-001,yes,0,1,0,24715
MD,Seth Howard,R,Rep,HD-030,yes,0,1,0,17324
MD,Matt Morgan,R,Rep,HD-029,yes,0,0,1,17239
MD,Bob Long,R,Rep,HD-006,yes,0,0,1,17424
MD,Ric Metzgar,R,Rep,HD-006,yes,0,1,0,17403
MD,Terry Baker,R,Rep,HD-001,yes,0,0,1,24709
MD,William Wivell,R,Rep,HD-002,yes,0,0,1,17669
MD,Teresa Reilly,R,Rep,HD-035,yes,0,0,1,17426
MD,Jesse Pippy,R,Rep,HD-004,yes,0,1,0,20534
MD,Kathy Szeliga,R,Rep,HD-007,yes,0,0,1,11766
MT,Jacinda Morigeau,D,Sen,SD-046,yes,0,1,0,25430
IL,Arthur Wilhelmi,D,Sen,SD-043,no,0,0,1,1050
MD,Lauren Arikan,R,Rep,HD-007,yes,0,0,1,20964
MD,Luke Clippinger,D,Rep,HD-046,yes,0,1,0,11447
MD,Denise Roberts,D,Rep,HD-025,yes,0,1,0,25071
KY,Amy Neighbors,R,Rep,HD-021,yes,0,1,0,23695
MD,David Moon,D,Rep,HD-020,yes,0,1,0,17238
KY,Rebecca Raymer,R,Rep,HD-015,yes,0,1,0,23623
MD,Veronica Turner,D,Rep,HD-026,yes,0,1,0,4554
MD,Caylin Young,D,Rep,HD-045,yes,0,1,0,24485
MD,Greg Wims,D,Rep,HD-039,yes,0,1,0,25013
ME,Garrel Craig,R,Rep,HD-128,no,0,1,0,18182
TN,Greg Martin,R,Rep,HD-026,yes,0,1,0,23124
ME,Michael Tipping,D,Sen,SD-008,yes,0,1,0,23238
KY,Nicolas Wilson,R,Rep,HD-082,yes,0,1,0,23698
LA,Mack White,R,Sen,SD-006,no,0,1,0,5272
IL,Deanna Demuzio,D,Sen,SD-049,no,0,1,0,1065
IL,Michael Bond,D,Sen,SD-031,no,0,1,0,1096
IL,Gary Dahl,R,Sen,SD-038,no,0,1,0,1072
IL,Bradley Burzynski,R,Sen,SD-035,no,0,0,1,1076
TN,Kevin Raper,R,Rep,HD-024,yes,0,1,0,23188
ME,Kristi Mathieson,D,Rep,HD-151,yes,0,1,0,22703
TN,John Crawford,R,Rep,HD-001,yes,0,1,0,18642
IL,Louis Viverito,D,Sen,SD-011,no,0,0,1,1091
ME,Dale Denno,D,Rep,HD-045,no,0,1,0,18183
IL,James DeLeo,D,Sen,SD-010,no,0,0,1,1078
ME,Tavis Hasenfus,D,Rep,HD-057,yes,0,1,0,22718
ME,Amy Roeder,D,Rep,HD-023,yes,0,1,0,22694
ME,Amanda Collamore,R,Rep,HD-068,yes,0,0,1,22693
ME,Kristen Cloutier,D,Rep,HD-094,yes,0,1,0,21195
ME,Nathan Carlow,R,Rep,HD-137,yes,0,1,0,22712
IL,Dan Cronin,R,Sen,SD-021,no,0,0,1,1058
ME,Lydia Crafts,D,Rep,HD-046,yes,0,1,0,22766
IL,Dale Risinger,R,Sen,SD-037,no,0,0,1,1057
ME,Melanie Sachs,D,Rep,HD-102,yes,0,1,0,22709
ME,James Thorne,R,Rep,HD-035,yes,0,0,1,22699
ME,Margaret Rotundo,D,Sen,SD-021,yes,0,1,0,8894
TN,Todd Warner,R,Rep,HD-092,yes,0,1,0,21716
ME,Morgan Rielly,D,Rep,HD-127,yes,0,1,0,22711
TN,Robert Stevens,R,Rep,HD-013,yes,0,1,0,24119
KY,Mike Clines,R,Rep,HD-068,yes,0,1,0,23691
ME,Valli Geiger,D,Rep,HD-042,yes,0,1,0,22720
TN,Sam McKenzie,D,Rep,HD-015,yes,0,0,1,22446
ME,Laurie Osher,D,Rep,HD-025,yes,0,1,0,22707
TN,Larry Miller,D,Rep,HD-088,yes,0,0,1,7259
ME,James Dill,D,Rep,HD-026,yes,0,1,0,10331
TN,Johnny Shaw,D,Rep,HD-080,yes,0,0,1,7188
ME,Chad Grignon,R,Rep,HD-118,no,0,1,0,18187
ME,Sheila Lyman,R,Rep,HD-076,yes,0,0,1,22838
ME,Timothy Nangle,D,Sen,SD-026,yes,0,1,0,23235
NY,Fred Akshar,R,Sen,SD-052,no,0,0,1,17725
ME,Bradlee Farrin,R,Sen,SD-003,yes,0,0,1,16780
KY,Kimberly Moser,R,Rep,HD-064,yes,0,1,0,18428
KY,Derek Lewis,R,Rep,HD-090,yes,0,1,0,20556
ME,Meldon Carmichael,R,Rep,HD-018,no,0,0,1,22710
ME,Lynne Williams,D,Rep,HD-014,no,0,1,0,22708
ME,Daniel Newman,R,Rep,HD-058,no,0,1,0,22749
KY,Stephanie Dietz,R,Rep,HD-065,yes,0,1,0,23626
MD,Anne Kaiser,D,Rep,HD-014,yes,0,1,0,4588
MD,Terri Hill,D,Rep,HD-012,yes,0,1,0,17167
KY,William Lawrence,R,Rep,HD-070,yes,0,1,0,22061
KY,James Tipton,R,Rep,HD-053,yes,0,1,0,16669
TN,Jeff Yarbro,D,Sen,SD-021,yes,0,0,1,17141
TN,Adam Lowe,R,Sen,SD-001,yes,0,1,0,24390
TN,Richard Briggs,R,Sen,SD-007,yes,0,0,1,17140
TN,Sara Kyle,D,Sen,SD-030,yes,0,0,1,18120
MD,Nicholaus Kipke,R,Rep,HD-031,yes,0,1,0,4606
MD,Susan McComas,R,Rep,HD-034,yes,0,0,1,4641
IL,Donne Trotter,D,Sen,SD-017,no,0,1,0,1067
KY,Steve Rawlings,R,Sen,SD-011,yes,0,1,0,23563
ME,Arthur Bell,D,Rep,HD-103,yes,0,1,0,22695
MD,Derrick Coley,D,Rep,HD-024,yes,0,1,0,26606
MD,Kevin Hornberger,R,Rep,HD-035,yes,0,1,0,17400
MD,Jason Buckel,R,Rep,HD-001,yes,0,0,1,17231
MD,Diana Fennell,D,Rep,HD-047,yes,0,1,0,17320
MD,Steven Arentz,R,Rep,HD-036,yes,0,0,1,16083
MD,Jay Jacobs,R,Rep,HD-036,yes,0,0,1,11449
ME,Abden Simmons,R,Rep,HD-045,yes,0,1,0,18204
MD,Julian Ivey,D,Rep,HD-047,yes,0,1,0,20791
MD,Dana Jones,D,Rep,HD-030,yes,0,1,0,21906
MD,Marlon Amprey,D,Rep,HD-040,yes,0,1,0,22755
IL,Rickey Hendon,D,Sen,SD-005,no,0,0,1,1102
MD,Mark Edelson,D,Rep,HD-046,yes,0,1,0,24712
MD,Ryan Nawrocki,R,Rep,HD-007,yes,0,0,1,24718
MD,April Fleming Miller,R,Rep,HD-004,yes,0,0,1,24716
IL,Kyle McCarter,R,Sen,SD-054,no,0,1,0,1088
ME,Lynn Copeland,D,Rep,HD-130,yes,0,1,0,22837
KY,Ruth Palumbo,D,Rep,HD-076,no,0,1,0,1182
NY,Bob Antonacci,R,Sen,SD-050,no,0,0,1,20164
MD,Joshua Stonko,R,Rep,HD-042,yes,0,1,0,24820
KY,Jacob Justice,R,Rep,HD-094,no,0,1,0,23694
MD,Ryan Spiegel,D,Rep,HD-017,yes,0,1,0,25012
NY,Kevin Thomas,D,Sen,SD-006,no,0,1,0,20265
ME,Jennifer Poirier,R,Rep,HD-070,yes,0,0,1,22700
NY,Jen Metzger,D,Sen,SD-042,no,0,1,0,20154
NY,Anna Kaplan,D,Sen,SD-007,no,0,1,0,20153
ID,Susan Chew,D,Rep,HD-017B,no,0,0,1,8016
ME,Robert Duchesne,D,Rep,HD-121,no,0,1,0,8819
ME,Poppy Arford,D,Rep,HD-101,yes,0,1,0,22713
NY,John Brooks,D,Sen,SD-008,no,0,1,0,18931
NY,Rich Funke,R,Sen,SD-055,no,0,1,0,16566
KY,Brandon Reed,R,Rep,HD-024,no,0,1,0,18248
KY,Killian Timoney,R,Rep,HD-045,no,0,1,0,22068
ME,Michael Lemelin,R,Rep,HD-053,yes,0,0,1,22868
IL,James Meeks,D,Sen,SD-015,no,0,0,1,1080
KY,Rachel Roberts,D,Rep,HD-067,no,0,1,0,21617
KY,Phillip Pratt,R,Rep,HD-062,no,0,1,0,18429
MD,Edith Patterson,D,Rep,HD-028,yes,0,1,0,17434
ID,Vito Barbieri,R,Rep,HD-003A,yes,0,0,1,12737
NY,Tremaine Wright,D,Rep,HD-056,no,0,1,0,19380
MD,Nick Allen,D,Rep,HD-008,yes,0,1,0,24532
MD,Gary Simmons,D,Rep,HD-012,yes,0,1,0,24720
KY,Richard Heath,R,Rep,HD-002,no,0,1,0,14431
ID,Bob Nonini,R,Sen,SD-003,no,0,1,0,8045
KY,Suzanne Miles,R,Rep,HD-007,yes,0,1,0,16110
MD,Melissa Wells,D,Rep,HD-040,yes,0,1,0,20864
MD,Stephanie Smith,D,Rep,HD-045,yes,0,1,0,21255
IL,John Sullivan,D,Sen,SD-047,no,0,0,1,1084
MD,Chris Tomlinson,R,Rep,HD-005,yes,0,1,0,24541
IL,Michael Noland,D,Sen,SD-022,no,0,1,0,1097
ID,Ken Andrus,R,Rep,HD-028A,no,0,1,0,8002
ID,Pete Nielsen,R,Rep,HD-023B,no,0,1,0,8044
ID,Donna Pence,D,Rep,HD-026B,no,0,0,1,8049
MD,Harry Bhandari,D,Rep,HD-008,yes,0,1,0,20790
ID,Richard Wills,R,Rep,HD-023A,no,0,1,0,8068
KY,Kevin Bratcher,R,Rep,HD-029,no,0,1,0,1123
NY,Kevin Byrne,R,Rep,HD-094,no,0,1,0,19103
MD,Tiffany Alston,D,Rep,HD-024,yes,0,1,0,11450
ID,Maxine Bell,R,Rep,HD-025A,no,0,1,0,8006
MD,Jamila Woods,D,Rep,HD-026,yes,0,1,0,24724
ID,Stephen Hartgen,R,Rep,HD-024B,no,0,0,1,8027
NY,Joseph Errigo,R,Rep,HD-130,no,0,0,1,1297
ID,Clifford Bayer,R,Sen,SD-021,no,0,1,0,8004
ID,Marv Hagedorn,R,Sen,SD-014,no,0,1,0,8025
ID,Roy Lacey,D,Sen,SD-029,no,0,0,1,12743
ID,Kathleen Sims,R,Rep,HD-004B,no,0,1,0,12748
KY,Lamin Swann,D,Rep,HD-093,no,0,1,0,23697
MD,Heather Bagnall,D,Rep,HD-033,yes,0,1,0,20588
ID,Eric Anderson,R,Rep,HD-001A,no,0,1,0,8001
ID,Lenore Barrett,R,Rep,HD-008B,no,0,1,0,8003
NY,Michaelle Solages,D,Rep,HD-022,yes,0,1,0,14217
ID,Mary Shepherd,D,Rep,HD-002A,no,0,1,0,8057
KY,Whitney Westerfield,R,Sen,SD-003,no,0,1,0,14435
KY,George Brown,D,Rep,HD-077,yes,0,1,0,16640
ID,Brian Cronin,D,Rep,HD-019B,no,0,0,1,8020
ID,Carlos Bilbao,R,Rep,HD-011B,no,0,1,0,8007
ID,Max Black,R,Rep,HD-015B,no,0,1,0,8008
ID,Sharon Block,R,Rep,HD-024B,no,0,1,0,8009
ID,Marge Chadderdon,R,Rep,HD-004A,no,0,0,1,8014
NY,Yuh-line Niou,D,Rep,HD-065,no,0,1,0,18938
NY,Daniel Stec,R,Sen,SD-045,yes,0,0,1,14578
ID,Shirley McKague,R,Sen,SD-020,no,0,1,0,8095
KY,Danny Bentley,R,Rep,HD-098,no,0,1,0,18336
IL,James Clayborne,D,Sen,SD-057,no,0,0,1,1079
ID,Richard Harwood,R,Rep,HD-002B,no,0,0,1,8028
ID,Elfreda Higgins,D,Rep,HD-016B,no,0,0,1,8030
ID,Wendy Jaquet,D,Rep,HD-025A,no,0,0,1,8031
ID,William Killen,D,Rep,HD-017A,no,0,0,1,8033
ID,Dennis Lake,R,Rep,HD-028A,no,0,1,0,8037
ID,Jim Marriott,R,Rep,HD-028B,no,0,1,0,8040
ID,Janice McGeachin,R,Rep,HD-032A,no,0,0,1,8042
IL,Carole Pankau,R,Sen,SD-023,no,0,1,0,1053
MD,Gabriel Moreno,D,Rep,HD-013,yes,0,1,0,26607
NY,D. Billy Jones,D,Rep,HD-115,yes,0,1,0,18603
KY,Cherlynn Stevenson,D,Rep,HD-088,no,0,1,0,20476
IL,Ira Silverstein,D,Sen,SD-008,no,0,1,0,1074
KY,Jared Bauman,R,Rep,HD-028,yes,0,1,0,23617
KY,John Hodgson,R,Rep,HD-036,yes,0,1,0,23620
KY,Marianne Proctor,R,Rep,HD-060,yes,0,1,0,23622
KY,Russell Webber,R,Rep,HD-026,no,0,1,0,14432
KY,Deanna Frazier Gordon,R,Rep,HD-081,yes,0,1,0,20477
KY,Scott Sharp,R,Rep,HD-100,yes,0,1,0,22065
KY,Jonathan Dixon,R,Rep,HD-011,no,0,1,0,22055
NY,Susan Serino,R,Sen,SD-041,no,0,0,1,16675
KY,Jason Petrie,R,Rep,HD-016,yes,0,1,0,18489
KY,Patrick Flannery,R,Rep,HD-096,yes,0,1,0,22058
NY,Christopher Jacobs,R,Sen,SD-060,no,0,0,1,18285
KY,Josie Raymond,D,Rep,HD-041,no,0,1,0,20268
KY,Kimberly Banta,R,Rep,HD-063,yes,0,1,0,21423
KY,Timmy Truett,R,Rep,HD-089,yes,0,1,0,23011
NY,Andrew Goodell,R,Rep,HD-150,no,0,0,1,11317
IL,Maggie Crotty,D,Sen,SD-019,no,0,0,1,1092
NY,Philip Boyle,R,Sen,SD-004,no,0,0,1,1269
KY,Ken Upchurch,R,Rep,HD-052,yes,0,1,0,1207
KY,Lisa Willner,D,Rep,HD-035,yes,0,1,0,20269
KY,Ashley Tackett Laferty,D,Rep,HD-095,yes,0,0,1,20473
IL,William Haine,D,Sen,SD-056,no,0,0,1,1108
ME,Aaron Frey,D,Rep,HD-124,no,0,1,0,15773
LA,Gordon Dove,R,Rep,HD-052,no,0,1,0,5241
KY,John Blanton,R,Rep,HD-092,yes,0,1,0,18431
KY,Chris Fugate,R,Rep,HD-084,yes,0,1,0,18432
LA,Helena Moreno,D,Rep,HD-093,no,0,1,0,9541
LA,Timothy Burns,R,Rep,HD-089,no,0,1,0,5234
NY,George Amedore,R,Sen,SD-046,no,0,0,1,1257
NY,Michael Miller,D,Rep,HD-038,no,0,1,0,1348
WY,Fred Emerich,R,Sen,SD-005,no,0,0,1,10591
IL,Susan Garrett,D,Sen,SD-029,no,0,0,1,1103
WY,Bill Landen,R,Sen,SD-027,yes,0,0,1,8641
WY,James Anderson,R,Sen,SD-028,yes,0,0,1,14414
WY,John Hastert,D,Sen,SD-013,no,0,1,0,8685
NY,Peter Lopez,R,Rep,HD-102,no,0,1,0,1335
WY,Eli Bebout,R,Sen,SD-026,no,0,0,1,8674
NY,Julia Salazar,D,Sen,SD-018,yes,0,1,0,20264
NY,William Magee,D,Rep,HD-121,no,0,1,0,1338
IL,Edward Maloney,D,Sen,SD-018,no,0,0,1,1068
ME,Kevin O'Connell,D,Rep,HD-020,no,0,1,0,21620
NY,Carmen Arroyo,D,Rep,HD-084,no,0,1,0,1258
MD,Kevin Anderson,R,Rep,HD-038,yes,0,0,1,26605
NY,Robin Schimminger,D,Rep,HD-140,no,0,1,0,1381
NY,Brian Curran,R,Rep,HD-021,no,0,0,1,11315
NY,Nick Perry,D,Rep,HD-058,no,0,1,0,1361
NY,Robert Jackson,D,Sen,SD-031,yes,0,1,0,20165
MD,Kim Ross,D,Rep,HD-008,yes,0,1,0,26426
ME,Jill Duson,D,Sen,SD-027,yes,0,1,0,23237
MD,Teresa Woorman,D,Rep,HD-016,yes,0,1,0,25626
NY,Jose Rivera,D,Rep,HD-078,no,0,1,0,1371
VA,J.J. Singh,D,Rep,HD-026,yes,0,1,0,26302
SD,J Putnam,R,Sen,SD-019,no,0,1,0,8240
SD,David Lust,R,Rep,HD-034,no,0,1,0,8299
SD,Larry Tidemann,R,Rep,HD-007,no,0,1,0,8221
MT,Bob Phalen,R,Sen,SD-017,yes,0,1,0,22195
SD,Bill Van Gerpen,R,Sen,SD-019,no,0,1,0,8294
SD,Kevin Killer,D,Sen,SD-027,no,0,1,0,8276
SD,Richard Curd,R,Sen,SD-012,no,0,1,0,8324
SD,Deb Peters,R,Sen,SD-009,no,0,1,0,8312
NY,Michael Montesano,R,Rep,HD-015,no,0,0,1,2375
IL,Jeffrey Schoenberg,D,Sen,SD-009,no,0,0,1,1081
SD,Manny Steele,R,Rep,HD-012,no,0,1,0,8241
SD,Thomas Brunner,R,Rep,HD-029,no,0,1,0,8265
SD,Susan Wismer,D,Sen,SD-001,no,0,1,0,8227
SD,Lance Russell,R,Sen,SD-030,no,0,1,0,8320
ME,Susan Bernard,R,Sen,SD-001,yes,0,0,1,22716
MD,William Valentine,R,Rep,HD-002,yes,0,0,1,24722
MD,Todd Morgan,R,Rep,HD-029,yes,0,0,1,24717
MD,Matthew Schindler,D,Rep,HD-002,yes,0,1,0,26073
ME,David LaFountain,D,Sen,SD-016,no,0,1,0,23233
MD,Dana Stein,D,Rep,HD-011,yes,0,1,0,4627
MD,Sean Stinnett,D,Rep,HD-041,yes,0,1,0,26427
SD,Brock Greenfield,R,Rep,SD-002,no,0,1,0,8319
ME,Stephen Moriarty,D,Rep,HD-110,no,0,1,0,15823
ME,Erin Sheehan,D,Rep,HD-132,no,0,1,0,22697
SD,Al Novstrup,R,Rep,HD-003,yes,0,1,0,8296
TN,Esther Helton-Haynes,R,Rep,HD-030,yes,0,1,0,20346
NY,David DiPietro,R,Rep,HD-147,yes,0,0,1,14574
NY,Kenneth Blankenbush,R,Rep,HD-117,yes,0,0,1,11312
TN,John Stevens,R,Sen,SD-024,yes,0,0,1,14460
NY,Victor Pichardo,D,Rep,HD-086,no,0,1,0,16112
NY,Peter Lawrence,R,Rep,HD-134,no,0,0,1,17008
UT,Stewart Barlow,R,Rep,HD-017,yes,0,1,0,13764
SD,Dean Wink,R,Rep,SD-029,no,0,1,0,8288
TN,Jeff Burkhart,R,Rep,HD-075,yes,0,1,0,24116
SD,Kristin Conzet,R,Rep,HD-032,no,0,1,0,8311
SD,Charles Hoffman,R,Rep,HD-023,no,0,1,0,8275
TN,Dave Wright,R,Rep,HD-019,yes,0,1,0,20355
WV,Thomas Campbell,D,Rep,HD-028,no,0,1,0,16
SD,Phil Jensen,R,Rep,HD-033,yes,0,1,0,8222
WY,Michael Von Flatern,R,Sen,SD-024,no,0,1,0,8668
WY,Gerald Geis,R,Sen,SD-020,no,0,1,0,8730
WY,John Schiffer,R,Sen,SD-022,no,0,0,1,8661
WY,Marty Martin,D,Sen,SD-012,no,0,0,1,8642
SD,Ryan Maher,R,Sen,SD-028,no,0,1,0,8218
SD,David Novstrup,R,Sen,SD-003,no,0,1,0,8314
SD,Peggy Gibson,D,Rep,HD-022,no,0,1,0,8273
TN,Rebecca Alexander,R,Rep,HD-007,yes,0,1,0,22856
SD,Mike Vehle,R,Sen,SD-020,no,0,1,0,8245
WV,Joe Talbott,D,Rep,HD-036,no,0,1,0,90
SD,Larry Rhoden,R,Rep,HD-029,no,0,1,0,8254
SD,Dan Ahlers,D,Rep,HD-025,no,0,1,0,8246
SD,Lance Carson,R,Rep,HD-020,no,0,1,0,8211
SD,Charles Turbiville,R,Rep,HD-031,no,0,1,0,8210
SD,Julie Bartling,D,Rep,HD-021,no,0,1,0,8289
SD,Roger Hunt,R,Rep,HD-025,no,0,1,0,8285
SD,Corey Brown,R,Sen,SD-023,no,0,1,0,8230
WY,Curt Meier,R,Sen,SD-003,no,0,0,1,8651
SD,Brian Gosch,R,Rep,HD-032,no,0,1,0,8298
SD,Patrick Kirschman,D,Rep,HD-015,no,0,1,0,8223
SD,Roger Solum,R,Rep,HD-005,no,0,1,0,8293
SD,Mike Verchio,R,Rep,HD-030,no,0,1,0,8244
SD,Bernie Hunhoff,D,Sen,SD-018,no,0,1,0,8292
SD,Jim Peterson,D,Sen,SD-004,no,0,1,0,8305
SD,Jacqueline Sly,R,Rep,HD-033,no,0,1,0,8269
SD,Timothy Rave,R,Sen,SD-025,no,0,1,0,8301
SD,Larry Lucas,D,Sen,SD-026,no,0,1,0,8238
SD,Marc Feinstein,D,Rep,HD-014,no,0,1,0,8272
SD,Don Kopp,R,Rep,HD-035,no,0,1,0,8224
SD,Shantel Krebs,R,Sen,SD-010,no,0,1,0,8233
SD,Russell Olson,R,Sen,SD-008,no,0,1,0,8220
TN,Page Walley,R,Sen,SD-026,yes,0,0,1,21777
LA,Daniel Martiny,R,Sen,SD-010,no,0,1,0,5358
SD,Tom Hansen,R,Sen,SD-022,no,0,1,0,8309
SD,Nick Moser,R,Rep,HD-018,no,0,1,0,8277
SD,Steve Street,D,Rep,HD-004,no,0,1,0,8242
SD,Kim Vanneman,R,Rep,HD-026B,no,0,1,0,8243
SD,Gene Abdallah,R,Rep,HD-010,no,0,1,0,8283
SD,Elaine Elliott,D,Rep,HD-002,no,0,1,0,8235
SD,Paul Dennert,D,Rep,HD-002,no,0,1,0,8252
WY,Jim Anderson,R,Sen,SD-002,no,0,0,1,10601
WY,Larry Hicks,R,Sen,SD-011,yes,0,0,1,10600
WY,Leland Christensen,R,Sen,SD-017,no,0,0,1,10597
WY,Bruce Burns,R,Sen,SD-021,no,0,0,1,8687
WY,Tony Ross,R,Sen,SD-004,no,0,0,1,8652
WY,Leslie Nutting,R,Sen,SD-007,no,0,0,1,10595
WY,Floyd Esquibel,D,Sen,SD-008,no,0,1,0,8667
WY,Drew Perkins,R,Sen,SD-029,no,0,0,1,8688
WY,Paul Barnard,R,Sen,SD-015,no,0,0,1,10606
WY,Ray Peterson,R,Sen,SD-019,no,0,0,1,8724
UT,Daniel McCay,R,Sen,SD-018,yes,0,1,0,13830
WY,Dan Dockstader,R,Sen,SD-016,yes,0,0,1,8679
WY,Ogden Driskill,R,Sen,SD-001,yes,0,0,1,10604
VA,Cheryl Turpin,D,Rep,HD-085,no,0,0,1,19469
WY,Henry Coe,R,Sen,SD-018,no,0,1,0,8701
WY,Stan Cooper,R,Sen,SD-014,no,0,0,1,8676
WY,Philip Nicholas,R,Sen,SD-010,no,0,0,1,10611
NY,Brian Miller,R,Rep,HD-122,yes,0,0,1,19102
WV,Virginia Mahan,D,Rep,HD-027,no,0,1,0,51
NY,Alfred Graf,R,Rep,HD-005,no,0,0,1,11318
IL,Martin Sandoval,D,Sen,SD-011,no,0,0,1,1093
IL,Don Harmon,D,Sen,SD-039,yes,0,0,1,1066
IL,Dave Syverson,R,Sen,SD-035,yes,0,0,1,1062
VA,James Leftwich,R,Rep,HD-090,yes,0,1,0,16092
VA,Steven Landes,R,Rep,HD-025,no,0,1,0,707
NY,Michael Fitzpatrick,R,Rep,HD-008,yes,0,0,1,1302
UT,David Hinkins,R,Sen,SD-026,yes,0,1,0,8165
NY,Kevin Cahill,D,Rep,HD-103,no,0,1,0,1275
NY,Michael DenDekker,D,Rep,HD-034,no,0,1,0,1292
NY,Addie Jenne,D,Rep,HD-116,no,0,1,0,1376
NY,Felix Ortiz,D,Rep,HD-051,no,0,1,0,1356
NY,Patricia Fahy,D,Sen,SD-046,yes,0,1,0,14205
NY,Todd Kaminsky,D,Sen,SD-009,no,0,1,0,17007
NY,Jaime Williams,D,Rep,HD-059,yes,0,1,0,17943
NY,Philip Ramos,D,Rep,HD-006,yes,0,1,0,1368
NY,David Weprin,D,Rep,HD-024,yes,0,1,0,1491
IL,Dale Righter,R,Sen,SD-055,no,0,1,0,1056
IL,Terry Link,D,Sen,SD-030,no,0,0,1,1104
IL,Antonio Munoz,D,Sen,SD-001,no,0,0,1,1051
IL,David Luechtefeld,R,Sen,SD-058,no,0,0,1,1064
NY,Erik Dilan,D,Rep,HD-054,yes,0,1,0,17454
NY,David McDonough,R,Rep,HD-014,yes,0,0,1,1343
NY,Mark Gjonaj,D,Rep,HD-080,no,0,1,0,14750
KY,Jason Nemes,R,Rep,HD-033,yes,0,1,0,19375
NY,Pamela Harris,D,Rep,HD-046,no,0,1,0,17850
KY,Derrick Graham,D,Rep,HD-057,no,0,1,0,1152
IL,Bill Brady,R,Sen,SD-044,no,0,0,1,1052
MD,Lesley Lopez,D,Rep,HD-039,yes,0,1,0,20793
NY,Charles Lavine,D,Rep,HD-013,yes,0,1,0,1332
NY,Kieran Lalor,R,Rep,HD-105,no,0,0,1,14576
IL,Heather Steans,D,Sen,SD-007,no,0,0,1,1073
KY,Christian McDaniel,R,Sen,SD-023,yes,0,1,0,14434
MD,Jheanelle Wilkins,D,Rep,HD-020,yes,0,1,0,19199
MD,Charlotte Crutchfield,D,Rep,HD-019,yes,0,1,0,20867
MD,Karen Toles,D,Rep,HD-025,yes,0,1,0,23056
MD,Adrian Boafo,D,Rep,HD-023,yes,0,1,0,24710
IL,Emil Jones,D,Sen,SD-014,yes,0,0,1,1069
KY,Ken Fleming,R,Rep,HD-048,yes,0,1,0,18494
KY,Walker Thomas,R,Rep,HD-008,yes,0,1,0,18427
MD,Mike Rogers,D,Rep,HD-032,yes,0,1,0,20592
MD,Andrew Pruski,D,Rep,HD-033,yes,0,1,0,24539
IL,Jacqueline Collins,D,Sen,SD-016,no,0,0,1,1077
MD,Joseline Pena-Melnyk,D,Rep,HD-021,yes,0,1,0,4561
MD,Bonnie Cullison,D,Rep,HD-019,yes,0,1,0,11768
MD,Eric Ebersole,D,Rep,HD-044,yes,0,1,0,17234
MD,Wayne Hartman,R,Rep,HD-038,yes,0,0,1,20533
MD,Regina Boyce,D,Rep,HD-043,yes,0,1,0,20855
MD,Debra Davis,D,Rep,HD-028,yes,0,1,0,20859
MD,Dylan Behler,D,Rep,HD-030,yes,0,1,0,26407
MD,Tom Hutchinson,R,Rep,HD-037,yes,0,0,1,24535
MD,Jennifer White Holland,D,Rep,HD-010,yes,0,1,0,24723
MD,Brian Chisholm,R,Rep,HD-031,yes,0,0,1,20530
MD,Steve Johnson,D,Rep,HD-034,yes,0,1,0,20965
MD,Barry Beauchamp,R,Rep,HD-038,yes,0,1,0,25625
MD,LaToya Nkongolo,R,Rep,HD-031,yes,0,1,0,26325
KY,Michael Pollock,R,Rep,HD-051,yes,0,1,0,23010
KY,Steven Doan,R,Rep,HD-069,yes,0,1,0,23692
MD,Sheree Sample-Hughes,D,Rep,HD-037,yes,0,1,0,17435
NY,Ellen Jaffee,D,Rep,HD-097,no,0,0,1,1322
NY,Earlene Hooper,D,Rep,HD-052,no,0,1,0,1318
IL,David Koehler,D,Sen,SD-046,yes,0,0,1,1063
IL,Linda Holmes,D,Sen,SD-042,yes,0,0,1,1090
NY,Charles Barron,D,Rep,HD-060,no,0,1,0,19378
NY,Dov Hikind,D,Rep,HD-048,no,0,1,0,1317
KY,Rachel Roarx,D,Rep,HD-038,yes,0,1,0,23624
KY,Myron Dossett,R,Rep,HD-009,yes,0,1,0,1141
KY,Nima Kulkarni,D,Rep,HD-040,yes,0,1,0,20482
KY,Pamela Stevenson,D,Rep,HD-043,yes,0,1,0,22067
KY,Keturah Herron,D,Sen,SD-035,yes,0,1,0,23103
MD,Jeffrie Long,D,Rep,HD-027,yes,0,1,0,23908
MD,Scott Phillips,D,Rep,HD-010,yes,0,1,0,24387
IL,Kimberly Lightford,D,Sen,SD-004,yes,0,0,1,1085
KY,Daniel Fister,R,Rep,HD-056,yes,0,1,0,22057
KY,Nancy Tate,R,Rep,HD-027,yes,0,1,0,20483
MD,Bernice Mireku-North,D,Rep,HD-014,yes,0,1,0,24858
MD,Ashanti Martinez,D,Rep,HD-022,yes,0,1,0,24906
MD,Jackie Addison,D,Rep,HD-045,yes,0,1,0,24787
KY,Steven Rudy,R,Rep,HD-001,yes,0,1,0,1191
KY,Mark Hart,R,Rep,HD-078,yes,0,1,0,18251
KY,Chad Aull,D,Rep,HD-079,yes,0,1,0,23618
KY,Emily Callaway,R,Rep,HD-037,yes,0,1,0,23689
KY,Beverly Chester-Burton,D,Rep,HD-044,yes,0,1,0,23690
KY,Daniel Grossberg,D,Rep,HD-030,yes,0,1,0,23693
MD,Kent Roberson,D,Rep,HD-025,yes,0,1,0,25010
MD,Pam Guzzone,D,Rep,HD-013,yes,0,1,0,24714
KY,Steve Bratcher,R,Rep,HD-025,yes,0,1,0,23625
KY,David Meade,R,Rep,HD-080,yes,0,1,0,14422
MD,Robbyn Lewis,D,Rep,HD-046,yes,0,1,0,18731
MD,Ken Kerr,D,Rep,HD-003,yes,0,1,0,20792
NY,Joseph Giglio,R,Rep,HD-148,no,0,0,1,1308
MD,Nino Mangione,R,Rep,HD-042,yes,0,0,1,20933
MD,Michael Griffith,R,Rep,HD-035,yes,0,0,1,21591
MD,Samuel Rosenberg,D,Rep,HD-041,yes,0,1,0,4581
KY,DJ Johnson,R,Rep,HD-013,yes,0,1,0,18392
KY,Felicia Rabourn,R,Rep,HD-047,yes,0,1,0,22064
KY,Steve Riley,R,Rep,HD-023,yes,0,1,0,18493
KY,Matthew Koch,R,Rep,HD-072,yes,0,1,0,20387
KY,Jim Gooch,R,Rep,HD-012,yes,0,1,0,1151
KY,David Hale,R,Rep,HD-074,yes,0,1,0,16667
KY,Alan Gentry,D,Rep,HD-046,yes,0,1,0,18430
KY,Richard White,R,Rep,HD-099,yes,0,1,0,21616
KY,Joshua Branscum,R,Rep,HD-083,yes,0,1,0,22051
KY,Josh Bray,R,Rep,HD-071,yes,0,1,0,22052
KY,Ryan Dotson,R,Rep,HD-073,yes,0,1,0,22056
KY,Tom Smith,R,Rep,HD-086,yes,0,1,0,22066
KY,Adam Bowling,R,Rep,HD-087,yes,0,1,0,20555
KY,Samara Heavrin,R,Rep,HD-018,yes,0,1,0,21424
KY,Mary Imes,R,Rep,HD-005,yes,0,1,0,22059
KY,Matt Lockett,R,Rep,HD-039,yes,0,1,0,22062
KY,Shawn McPherson,R,Rep,HD-022,yes,0,1,0,22063
KY,Kim King,R,Rep,HD-055,yes,0,1,0,11085
KY,Daniel Elliott,R,Rep,HD-054,yes,0,1,0,17926
KY,Chris Freeland,R,Rep,HD-006,yes,0,1,0,20389
KY,Susan Tyler Witten,R,Rep,HD-031,yes,0,1,0,23699
NY,Ron Kim,D,Rep,HD-040,yes,0,1,0,14206
NY,Christopher Friend,R,Rep,HD-124,yes,0,0,1,11316
NY,Andrew Garbarino,R,Rep,HD-007,no,0,0,1,14749
LA,John LaBruzzo,R,Rep,HD-081,no,0,1,0,5281
NY,John McDonald,D,Rep,HD-108,yes,0,1,0,14207
NY,Angelo Santabarbara,D,Rep,HD-111,yes,0,0,1,14214
NY,Alicia Hyndman,D,Rep,HD-029,yes,0,1,0,17804
NY,Edward Braunstein,D,Rep,HD-026,yes,0,1,0,11102
NY,Thomas O'Mara,R,Sen,SD-058,yes,0,0,1,1354
NY,Rachel May,D,Sen,SD-048,yes,0,1,0,20169
NY,James Tedisco,R,Sen,SD-044,yes,0,0,1,1389
NY,Joseph Addabbo,D,Sen,SD-015,yes,0,1,0,1402
NY,Robert Ortt,R,Sen,SD-062,yes,0,1,0,16693
ME,Ann Peoples,D,Rep,HD-035,no,0,1,0,8877
ME,Linda Sanborn,D,Sen,SD-030,no,0,0,1,8896
ME,Randall Greenwood,R,Rep,HD-056,yes,0,0,1,17214
NY,Aravella Simotas,D,Rep,HD-036,no,0,1,0,11328
NY,Aileen Gunther,D,Rep,HD-100,no,0,1,0,1312
NY,Kenneth Zebrowski,D,Rep,HD-096,no,0,1,0,1400
MD,Sandy Bartlett,D,Rep,HD-032,yes,0,1,0,20589
NY,Michael Simanowitz,D,Rep,HD-027,no,0,1,0,13335
NY,Carrie Woerner,D,Rep,HD-113,yes,0,1,0,16761
NY,Anthony Palumbo,R,Sen,SD-001,yes,0,0,1,16117
NY,Nily Rozic,D,Rep,HD-025,yes,0,0,1,14213
NY,Mark Johns,R,Rep,HD-135,no,0,0,1,11103
NY,Latoya Joyner,D,Rep,HD-077,no,0,1,0,17372
NY,Ron Castorina,R,Rep,HD-062,no,0,0,1,17940
NY,Christine Pellegrino,D,Rep,HD-009,no,0,1,0,19393
NY,Francisco Moya,D,Rep,HD-039,no,0,1,0,11324
NY,Kimberly Jean-Pierre,D,Rep,HD-011,no,0,1,0,17165
NY,Anthony Brindisi,D,Rep,HD-119,no,0,1,0,13331
NY,Peter Abbate,D,Rep,HD-049,no,0,1,0,1254
NY,Philip Palmesano,R,Rep,HD-132,yes,0,0,1,11325
NY,Dan Quart,D,Rep,HD-073,no,0,0,1,13505
NY,Harry Bronson,D,Rep,HD-138,yes,0,1,0,11313
NY,Dean Murray,R,Sen,SD-003,yes,0,0,1,2377
NY,Rodneyse Bichotte Hermelyn,D,Rep,HD-042,yes,0,1,0,17551
NY,Mary Walsh,R,Rep,HD-112,yes,0,0,1,19198
NY,Edward Ra,R,Rep,HD-019,yes,0,0,1,11326
NY,Phillip Steck,D,Rep,HD-110,yes,0,1,0,14218
NY,Angelo Morinello,R,Rep,HD-145,yes,0,0,1,19136
NY,Donna Lupardo,D,Rep,HD-123,yes,0,1,0,1337
NY,Melissa Miller,R,Rep,HD-020,no,0,0,1,19033
NY,Sean Ryan,D,Sen,SD-061,yes,0,1,0,13334
NY,Patrick Gallivan,R,Sen,SD-060,yes,0,0,1,11331
NY,Didi Barrett,D,Rep,HD-106,yes,0,1,0,13946
NY,Pamela Hunter,D,Rep,HD-128,yes,0,1,0,17792
NY,Brian Barnwell,D,Rep,HD-030,no,0,0,1,18602
NY,Rebecca Seawright,D,Rep,HD-076,yes,0,1,0,17439
NY,Stacey Pheffer Amato,D,Rep,HD-023,yes,0,1,0,18775
NY,Patricia Ritchie,R,Sen,SD-048,no,0,0,1,11604
NY,Peter Harckham,D,Sen,SD-040,yes,0,1,0,20263
NY,Andrew Gounardes,D,Sen,SD-026,yes,0,1,0,20262
NY,Jessica Ramos,D,Sen,SD-013,yes,0,1,0,20156
NY,Jamaal Bailey,D,Sen,SD-036,yes,0,1,0,18950
NY,Jose Serrano,D,Sen,SD-029,yes,0,1,0,1450
NY,Toby Stavisky,D,Sen,SD-011,yes,0,1,0,1456
NY,Alessandra Biaggi,D,Sen,SD-034,no,0,1,0,20151
NY,Roxanne Persaud,D,Sen,SD-019,yes,0,1,0,17552
NY,James Sanders,D,Sen,SD-010,yes,0,1,0,14669
NY,Simcha Felder,D,Sen,SD-022,yes,0,1,0,14666
NY,Pamela Helming,R,Sen,SD-054,yes,0,0,1,18241
NY,Raymond Walter,R,Rep,HD-146,no,0,0,1,13685
NY,Steven Otis,D,Rep,HD-091,yes,0,1,0,14210
NY,Marcos Crespo,D,Rep,HD-085,no,0,1,0,1287
NY,Steven Cymbrowitz,D,Rep,HD-045,no,0,1,0,1290
KY,Lindsey Burke,D,Rep,HD-075,yes,0,0,0,23621
MD,Jessica Feldmark,D,Rep,HD-012,yes,0,0,0,20860
KY,Robert Duvall,R,Rep,HD-017,yes,0,0,0,23562
ME,Richard Malaby,R,Rep,HD-136,no,0,0,0,10353
ME,Michael Devin,D,Rep,HD-090,no,0,0,0,15889
NY,Maritza Davila,D,Rep,HD-053,yes,0,0,0,16097
UT,Brad Wilson,R,Rep,HD-015,no,0,0,0,11716
IL,Kirk Dillard,R,Sen,SD-024,no,0,0,0,1086
NY,Inez Dickens,D,Rep,HD-070,no,0,0,0,18942
VA,Gregory Habeeb,R,Rep,HD-008,no,0,0,0,11024
ME,Lloyd Herrick,R,Rep,HD-073,no,0,0,0,17584
WV,Gerald Crosier,D,Rep,HD-026,no,0,0,0,23
UT,Paul Ray,R,Rep,HD-013,no,0,0,0,8129
SD,Dean Schrempp,D,Rep,HD-028A,no,0,0,0,8267
NY,Daniel O'Donnell,D,Rep,HD-069,no,0,0,0,1353
SD,Jim Hundstad,D,Sen,SD-002,no,0,0,0,8232
MD,Adrienne Jones,D,Rep,HD-010,yes,0,0,0,4607
ME,John DeVeau,R,Rep,HD-149,no,0,0,0,21200
UT,Eric Hutchings,R,Rep,HD-038,no,0,0,0,8149
UT,Derek Brown,R,Rep,HD-049,no,0,0,0,11721
UT,Larry Wiley,D,Rep,HD-031,no,0,0,0,8116
ME,Timothy Roche,R,Rep,HD-007,no,0,0,0,22719
KY,Scott Lewis,R,Rep,HD-014,yes,0,0,0,20373
ID,Tom Trail,R,Rep,HD-006A,no,0,0,0,8067
UT,Roger Barrus,R,Rep,HD-018,no,0,0,0,8155
UT,John Mathis,R,Rep,HD-055,no,0,0,0,8179
UT,Kay McIff,R,Rep,HD-070,no,0,0,0,8121
ID,Patrick Takasugi,R,Rep,HD-010A,no,0,0,0,8064
NY,Steven McLaughlin,R,Rep,HD-107,no,0,0,0,11322
UT,Dean Sanpei,R,Rep,HD-063,no,0,0,0,12726
NY,Robert Rodriguez,D,Rep,HD-068,no,0,0,0,11106
TN,Edward Jackson,R,Sen,SD-025,yes,0,0,0,17913
TN,Ken Yager,R,Sen,SD-012,yes,0,0,0,7271
ID,Jim Patrick,R,Sen,SD-025,no,0,0,0,8048
ME,Kenneth Fredette,R,Rep,HD-033,yes,0,0,0,10338
UT,Curtis Oda,R,Rep,HD-014,no,0,0,0,8114
IL,John Jones,R,Sen,SD-054,no,0,0,0,1109
IL,Mike Jacobs,D,Sen,SD-036,no,0,0,0,1099
UT,Val Peterson,R,Rep,HD-056,yes,0,0,0,11900
IL,Randall Hultgren,R,Sen,SD-048,no,0,0,0,1101
MD,Christopher Bouchat,R,Rep,HD-005,yes,0,0,0,24711
UT,Lee Perry,R,Rep,HD-029,no,0,0,0,11882
ID,Phil Hart,R,Sen,SD-002,yes,0,0,0,8026
ME,Deborah Sanderson,R,Rep,HD-088,no,0,0,0,10370
NY,Andrew Hevesi,D,Rep,HD-028,yes,0,0,0,1316
ME,Stephanie Hawke,R,Rep,HD-089,no,0,0,0,17531
MD,Nicole Williams,D,Rep,HD-022,yes,0,0,0,21426
MD,Brian Crosby,D,Rep,HD-029,yes,0,0,0,20932
